#
# There is insufficient memory for the Java Runtime Environment to continue.
# Native memory allocation (malloc) failed to allocate 981456 bytes for Chunk::new
# Possible reasons:
#   The system is out of physical RAM or swap space
#   The process is running with CompressedOops enabled, and the Java Heap may be blocking the growth of the native heap
# Possible solutions:
#   Reduce memory load on the system
#   Increase physical memory or swap space
#   Check if swap backing store is full
#   Decrease Java heap size (-Xmx/-Xms)
#   Decrease number of Java threads
#   Decrease Java thread stack sizes (-Xss)
#   Set larger code cache with -XX:ReservedCodeCacheSize=
#   JVM is running with Unscaled Compressed Oops mode in which the Java heap is
#     placed in the first 4GB address space. The Java Heap base address is the
#     maximum limit for the native heap growth. Please use -XX:HeapBaseMinAddress
#     to set the Java Heap base and to place the Java Heap above 4GB virtual address.
# This output file may be truncated or incomplete.
#
#  Out of Memory Error (arena.cpp:189), pid=17952, tid=26188
#
# JRE version: Java(TM) SE Runtime Environment (17.0.13+10) (build 17.0.13+10-LTS-268)
# Java VM: Java HotSpot(TM) 64-Bit Server VM (17.0.13+10-LTS-268, mixed mode, sharing, tiered, compressed oops, compressed class ptrs, g1 gc, windows-amd64)
# No core dump will be written. Minidumps are not enabled by default on client versions of Windows
#

---------------  S U M M A R Y ------------

Command Line: -javaagent:C:\Program Files\JetBrains\IntelliJ IDEA Community Edition 2025.2.2\lib\idea_rt.jar=56045 -Dfile.encoding=UTF-8 com.spring.MallApplication

Host: AMD Ryzen 5 5600U with Radeon Graphics         , 12 cores, 5G,  Windows 11 , 64 bit Build 26100 (10.0.26100.7019)
Time: Thu Nov 13 11:38:12 2025 Myanmar Standard Time elapsed time: 1390.891765 seconds (0d 0h 23m 10s)

---------------  T H R E A D  ---------------

Current thread (0x000001ebe1ed3c20):  JavaThread "C2 CompilerThread0" daemon [_thread_in_native, id=26188, stack(0x0000004dc1e00000,0x0000004dc1f00000)]


Current CompileTask:
C2:1390892 9177       4       sun.security.ec.ECOperations::setDouble (559 bytes)

Stack: [0x0000004dc1e00000,0x0000004dc1f00000]
Native frames: (J=compiled Java code, j=interpreted, Vv=VM code, C=native code)
V  [jvm.dll+0x67a23a]
V  [jvm.dll+0x7da96d]
V  [jvm.dll+0x7dc2b3]
V  [jvm.dll+0x7dc923]
V  [jvm.dll+0x2450ef]
V  [jvm.dll+0xab793]
V  [jvm.dll+0xabd5c]
V  [jvm.dll+0x2aa58f]
V  [jvm.dll+0x582039]
V  [jvm.dll+0x21f482]
V  [jvm.dll+0x21f87f]
V  [jvm.dll+0x218b00]
V  [jvm.dll+0x215bc5]
V  [jvm.dll+0x1a2980]
V  [jvm.dll+0x22616b]
V  [jvm.dll+0x22430b]
V  [jvm.dll+0x790a8c]
V  [jvm.dll+0x78af1a]
V  [jvm.dll+0x679125]
C  [ucrtbase.dll+0x37b0]
C  [KERNEL32.DLL+0x2e8d7]
C  [ntdll.dll+0x8c53c]


---------------  P R O C E S S  ---------------

Threads class SMR info:
_java_thread_list=0x000001ebe98f5d20, length=47, elements={
0x000001ebe1eb1c20, 0x000001ebe1eb4700, 0x000001ebe1ec87c0, 0x000001ebe1ecd4b0,
0x000001ebe1eced90, 0x000001ebe1ecfa70, 0x000001ebe1ed3c20, 0x000001ebe1edc5f0,
0x000001ebe1ee56d0, 0x000001ebe61ca000, 0x000001ebe61c81a0, 0x000001ebe61c7780,
0x000001ebe61c6d60, 0x000001ebe61c7c90, 0x000001ebe61c6850, 0x000001ebe61c8bc0,
0x000001ebe71643d0, 0x000001ebe7162570, 0x000001ebe7162060, 0x000001ebe7162a80,
0x000001ebe7162f90, 0x000001ebe7164df0, 0x000001ebe71634a0, 0x000001ebe71639b0,
0x000001ebe7163ec0, 0x000001ebe7165300, 0x000001ebe7165810, 0x000001ebe7dc8b60,
0x000001ebe7dca4b0, 0x000001ebe7dcaed0, 0x000001ebe7dca9c0, 0x000001ebe7dcb3e0,
0x000001ebe7dcb8f0, 0x000001ebe7dcbe00, 0x000001ebe7dcc310, 0x000001ebe7dcc820,
0x000001ebe7dccd30, 0x000001ebe7dc9580, 0x000001ebe7dcd240, 0x000001ebe7dc9a90,
0x000001ebe7dc9fa0, 0x000001ebe7dceb90, 0x000001ebe7dcf0a0, 0x000001ebe7dd04e0,
0x000001ebe7dcd750, 0x000001ebe7dcf5b0, 0x000001ebe7dcdc60
}

Java Threads: ( => current thread )
  0x000001ebe1eb1c20 JavaThread "Reference Handler" daemon [_thread_blocked, id=28456, stack(0x0000004dc1800000,0x0000004dc1900000)]
  0x000001ebe1eb4700 JavaThread "Finalizer" daemon [_thread_blocked, id=26980, stack(0x0000004dc1900000,0x0000004dc1a00000)]
  0x000001ebe1ec87c0 JavaThread "Signal Dispatcher" daemon [_thread_blocked, id=10480, stack(0x0000004dc1a00000,0x0000004dc1b00000)]
  0x000001ebe1ecd4b0 JavaThread "Attach Listener" daemon [_thread_blocked, id=31968, stack(0x0000004dc1b00000,0x0000004dc1c00000)]
  0x000001ebe1eced90 JavaThread "Service Thread" daemon [_thread_blocked, id=33920, stack(0x0000004dc1c00000,0x0000004dc1d00000)]
  0x000001ebe1ecfa70 JavaThread "Monitor Deflation Thread" daemon [_thread_blocked, id=30952, stack(0x0000004dc1d00000,0x0000004dc1e00000)]
=>0x000001ebe1ed3c20 JavaThread "C2 CompilerThread0" daemon [_thread_in_native, id=26188, stack(0x0000004dc1e00000,0x0000004dc1f00000)]
  0x000001ebe1edc5f0 JavaThread "C1 CompilerThread0" daemon [_thread_blocked, id=24964, stack(0x0000004dc1f00000,0x0000004dc2000000)]
  0x000001ebe1ee56d0 JavaThread "Sweeper thread" daemon [_thread_blocked, id=16900, stack(0x0000004dc2000000,0x0000004dc2100000)]
  0x000001ebe61ca000 JavaThread "Common-Cleaner" daemon [_thread_blocked, id=29096, stack(0x0000004dc2100000,0x0000004dc2200000)]
  0x000001ebe61c81a0 JavaThread "Monitor Ctrl-Break" daemon [_thread_in_native, id=34528, stack(0x0000004dc2300000,0x0000004dc2400000)]
  0x000001ebe61c7780 JavaThread "Notification Thread" daemon [_thread_blocked, id=10804, stack(0x0000004dc2400000,0x0000004dc2500000)]
  0x000001ebe61c6d60 JavaThread "mysql-cj-abandoned-connection-cleanup" daemon [_thread_blocked, id=24320, stack(0x0000004dc3100000,0x0000004dc3200000)]
  0x000001ebe61c7c90 JavaThread "HikariPool-1:housekeeper" daemon [_thread_blocked, id=19900, stack(0x0000004dc3500000,0x0000004dc3600000)]
  0x000001ebe61c6850 JavaThread "Catalina-utility-1" [_thread_blocked, id=30972, stack(0x0000004dc3600000,0x0000004dc3700000)]
  0x000001ebe61c8bc0 JavaThread "Catalina-utility-2" [_thread_blocked, id=29808, stack(0x0000004dc3700000,0x0000004dc3800000)]
  0x000001ebe71643d0 JavaThread "container-0" [_thread_blocked, id=34736, stack(0x0000004dc3800000,0x0000004dc3900000)]
  0x000001ebe7162570 JavaThread "idle-connection-reaper" daemon [_thread_blocked, id=24864, stack(0x0000004dc3e00000,0x0000004dc3f00000)]
  0x000001ebe7162060 JavaThread "File Watcher" daemon [_thread_blocked, id=21448, stack(0x0000004dc3f00000,0x0000004dc4000000)]
  0x000001ebe7162a80 JavaThread "Live Reload Server" daemon [_thread_in_native, id=33896, stack(0x0000004dc4100000,0x0000004dc4200000)]
  0x000001ebe7162f90 JavaThread "MessageBroker-1" [_thread_blocked, id=34464, stack(0x0000004dc4000000,0x0000004dc4100000)]
  0x000001ebe7164df0 JavaThread "http-nio-8081-exec-1" daemon [_thread_blocked, id=25052, stack(0x0000004dc4200000,0x0000004dc4300000)]
  0x000001ebe71634a0 JavaThread "http-nio-8081-exec-2" daemon [_thread_blocked, id=23896, stack(0x0000004dc4300000,0x0000004dc4400000)]
  0x000001ebe71639b0 JavaThread "http-nio-8081-exec-3" daemon [_thread_blocked, id=19264, stack(0x0000004dc4400000,0x0000004dc4500000)]
  0x000001ebe7163ec0 JavaThread "http-nio-8081-exec-4" daemon [_thread_blocked, id=440, stack(0x0000004dc4500000,0x0000004dc4600000)]
  0x000001ebe7165300 JavaThread "http-nio-8081-exec-5" daemon [_thread_blocked, id=23524, stack(0x0000004dc4600000,0x0000004dc4700000)]
  0x000001ebe7165810 JavaThread "http-nio-8081-exec-6" daemon [_thread_blocked, id=16808, stack(0x0000004dc4700000,0x0000004dc4800000)]
  0x000001ebe7dc8b60 JavaThread "http-nio-8081-exec-7" daemon [_thread_blocked, id=21944, stack(0x0000004dc4800000,0x0000004dc4900000)]
  0x000001ebe7dca4b0 JavaThread "http-nio-8081-exec-8" daemon [_thread_blocked, id=7704, stack(0x0000004dc4900000,0x0000004dc4a00000)]
  0x000001ebe7dcaed0 JavaThread "http-nio-8081-exec-9" daemon [_thread_blocked, id=21528, stack(0x0000004dc4a00000,0x0000004dc4b00000)]
  0x000001ebe7dca9c0 JavaThread "http-nio-8081-exec-10" daemon [_thread_blocked, id=15652, stack(0x0000004dc4b00000,0x0000004dc4c00000)]
  0x000001ebe7dcb3e0 JavaThread "http-nio-8081-Poller" daemon [_thread_in_native, id=16836, stack(0x0000004dc4c00000,0x0000004dc4d00000)]
  0x000001ebe7dcb8f0 JavaThread "http-nio-8081-Acceptor" daemon [_thread_in_native, id=17008, stack(0x0000004dc4d00000,0x0000004dc4e00000)]
  0x000001ebe7dcbe00 JavaThread "MessageBroker-2" [_thread_blocked, id=20352, stack(0x0000004dc4e00000,0x0000004dc4f00000)]
  0x000001ebe7dcc310 JavaThread "MessageBroker-3" [_thread_blocked, id=2252, stack(0x0000004dc2b00000,0x0000004dc2c00000)]
  0x000001ebe7dcc820 JavaThread "DestroyJavaVM" [_thread_blocked, id=10856, stack(0x0000004dc1100000,0x0000004dc1200000)]
  0x000001ebe7dccd30 JavaThread "MessageBroker-4" [_thread_blocked, id=11140, stack(0x0000004dc2200000,0x0000004dc2300000)]
  0x000001ebe7dc9580 JavaThread "MessageBroker-5" [_thread_blocked, id=25448, stack(0x0000004dc5000000,0x0000004dc5100000)]
  0x000001ebe7dcd240 JavaThread "MessageBroker-6" [_thread_blocked, id=30396, stack(0x0000004dc5100000,0x0000004dc5200000)]
  0x000001ebe7dc9a90 JavaThread "MessageBroker-7" [_thread_blocked, id=34716, stack(0x0000004dc0e00000,0x0000004dc0f00000)]
  0x000001ebe7dc9fa0 JavaThread "MessageBroker-8" [_thread_blocked, id=17364, stack(0x0000004dc0f00000,0x0000004dc1000000)]
  0x000001ebe7dceb90 JavaThread "MessageBroker-9" [_thread_blocked, id=8300, stack(0x0000004dc5300000,0x0000004dc5400000)]
  0x000001ebe7dcf0a0 JavaThread "MessageBroker-10" [_thread_blocked, id=25996, stack(0x0000004dc5400000,0x0000004dc5500000)]
  0x000001ebe7dd04e0 JavaThread "MessageBroker-11" [_thread_blocked, id=384, stack(0x0000004dc1000000,0x0000004dc1100000)]
  0x000001ebe7dcd750 JavaThread "MessageBroker-12" [_thread_blocked, id=20188, stack(0x0000004dc5200000,0x0000004dc5300000)]
  0x000001ebe7dcf5b0 JavaThread "HikariPool-1:connection-closer" daemon [_thread_blocked, id=30996, stack(0x0000004dc2600000,0x0000004dc2700000)]
  0x000001ebe7dcdc60 JavaThread "HikariPool-1:connection-adder" daemon [_thread_blocked, id=31376, stack(0x0000004dc3400000,0x0000004dc3500000)]

Other Threads:
  0x000001ebe1eac260 VMThread "VM Thread" [stack: 0x0000004dc1700000,0x0000004dc1800000] [id=20412]
  0x000001ebc4d45e00 WatcherThread [stack: 0x0000004dc2500000,0x0000004dc2600000] [id=16120]
  0x000001ebc4d30380 GCTaskThread "GC Thread#0" [stack: 0x0000004dc1200000,0x0000004dc1300000] [id=30964]
  0x000001ebe7346d20 GCTaskThread "GC Thread#1" [stack: 0x0000004dc2700000,0x0000004dc2800000] [id=20500]
  0x000001ebe73473f0 GCTaskThread "GC Thread#2" [stack: 0x0000004dc2800000,0x0000004dc2900000] [id=1956]
  0x000001ebe73476b0 GCTaskThread "GC Thread#3" [stack: 0x0000004dc2900000,0x0000004dc2a00000] [id=32292]
  0x000001ebe74e2050 GCTaskThread "GC Thread#4" [stack: 0x0000004dc2a00000,0x0000004dc2b00000] [id=33756]
  0x000001ebe6d79c80 GCTaskThread "GC Thread#5" [stack: 0x0000004dc2d00000,0x0000004dc2e00000] [id=22196]
  0x000001ebe75e2c10 GCTaskThread "GC Thread#6" [stack: 0x0000004dc2e00000,0x0000004dc2f00000] [id=26192]
  0x000001ebe79fd060 GCTaskThread "GC Thread#7" [stack: 0x0000004dc2f00000,0x0000004dc3000000] [id=21792]
  0x000001ebe76e92e0 GCTaskThread "GC Thread#8" [stack: 0x0000004dc3000000,0x0000004dc3100000] [id=33620]
  0x000001ebe8929f50 GCTaskThread "GC Thread#9" [stack: 0x0000004dc2c00000,0x0000004dc2d00000] [id=7176]
  0x000001ebc4d3cd60 ConcurrentGCThread "G1 Main Marker" [stack: 0x0000004dc1300000,0x0000004dc1400000] [id=16092]
  0x000001ebc4d3f200 ConcurrentGCThread "G1 Conc#0" [stack: 0x0000004dc1400000,0x0000004dc1500000] [id=34344]
  0x000001ebe8260a40 ConcurrentGCThread "G1 Conc#1" [stack: 0x0000004dc3200000,0x0000004dc3300000] [id=23060]
  0x000001ebe89a0270 ConcurrentGCThread "G1 Conc#2" [stack: 0x0000004dc3300000,0x0000004dc3400000] [id=16964]
  0x000001ebc4d9e710 ConcurrentGCThread "G1 Refine#0" [stack: 0x0000004dc1500000,0x0000004dc1600000] [id=20020]
  0x000001ebe6e0f060 ConcurrentGCThread "G1 Refine#1" [stack: 0x0000004dc3900000,0x0000004dc3a00000] [id=11412]
  0x000001ebe6e0f930 ConcurrentGCThread "G1 Refine#2" [stack: 0x0000004dc3a00000,0x0000004dc3b00000] [id=9524]
  0x000001ebe6e0fc20 ConcurrentGCThread "G1 Refine#3" [stack: 0x0000004dc3b00000,0x0000004dc3c00000] [id=20940]
  0x000001ebe6e0ed70 ConcurrentGCThread "G1 Refine#4" [stack: 0x0000004dc3c00000,0x0000004dc3d00000] [id=24672]
  0x000001ebe6e0ff10 ConcurrentGCThread "G1 Refine#5" [stack: 0x0000004dc3d00000,0x0000004dc3e00000] [id=21980]
  0x000001ebe1d630c0 ConcurrentGCThread "G1 Service" [stack: 0x0000004dc1600000,0x0000004dc1700000] [id=32792]

Threads with active compile tasks:
C2 CompilerThread0  1390999 9177       4       sun.security.ec.ECOperations::setDouble (559 bytes)

VM state: not at safepoint (normal execution)

VM Mutex/Monitor currently owned by a thread: None

Heap address: 0x00000000a2400000, size: 1500 MB, Compressed Oops mode: 32-bit

CDS archive(s) mapped at: [0x000001eb80000000-0x000001eb80bd0000-0x000001eb80bd0000), size 12386304, SharedBaseAddress: 0x000001eb80000000, ArchiveRelocationMode: 1.
Compressed class space mapped at: 0x000001eb81000000-0x000001ebc1000000, reserved size: 1073741824
Narrow klass base: 0x000001eb80000000, Narrow klass shift: 0, Narrow klass range: 0x100000000

GC Precious Log:
 CPUs: 12 total, 12 available
 Memory: 5996M
 Large Page Support: Disabled
 NUMA Support: Disabled
 Compressed Oops: Enabled (32-bit)
 Heap Region Size: 1M
 Heap Min Capacity: 8M
 Heap Initial Capacity: 94M
 Heap Max Capacity: 1500M
 Pre-touch: Disabled
 Parallel Workers: 10
 Concurrent Workers: 3
 Concurrent Refinement Workers: 10
 Periodic GC: Disabled

Heap:
 garbage-first heap   total 414720K, used 296297K [0x00000000a2400000, 0x0000000100000000)
  region size 1024K, 180 young (184320K), 2 survivors (2048K)
 Metaspace       used 91284K, committed 91968K, reserved 1179648K
  class space    used 12494K, committed 12800K, reserved 1048576K

Heap Regions: E=young(eden), S=young(survivor), O=old, HS=humongous(starts), HC=humongous(continues), CS=collection set, F=free, OA=open archive, CA=closed archive, TAMS=top-at-mark-start (previous, next)
|   0|0x00000000a2400000, 0x00000000a2500000, 0x00000000a2500000|100%|HS|  |TAMS 0x00000000a2500000, 0x00000000a2400000| Complete 
|   1|0x00000000a2500000, 0x00000000a2600000, 0x00000000a2600000|100%|HS|  |TAMS 0x00000000a2600000, 0x00000000a2500000| Complete 
|   2|0x00000000a2600000, 0x00000000a2700000, 0x00000000a2700000|100%| O|  |TAMS 0x00000000a2700000, 0x00000000a2600000| Untracked 
|   3|0x00000000a2700000, 0x00000000a2800000, 0x00000000a2800000|100%| O|  |TAMS 0x00000000a2800000, 0x00000000a2700000| Untracked 
|   4|0x00000000a2800000, 0x00000000a2900000, 0x00000000a2900000|100%| O|  |TAMS 0x00000000a2900000, 0x00000000a2800000| Untracked 
|   5|0x00000000a2900000, 0x00000000a2a00000, 0x00000000a2a00000|100%| O|  |TAMS 0x00000000a2a00000, 0x00000000a2900000| Untracked 
|   6|0x00000000a2a00000, 0x00000000a2b00000, 0x00000000a2b00000|100%| O|  |TAMS 0x00000000a2b00000, 0x00000000a2a00000| Untracked 
|   7|0x00000000a2b00000, 0x00000000a2c00000, 0x00000000a2c00000|100%| O|  |TAMS 0x00000000a2c00000, 0x00000000a2b00000| Untracked 
|   8|0x00000000a2c00000, 0x00000000a2d00000, 0x00000000a2d00000|100%| O|  |TAMS 0x00000000a2d00000, 0x00000000a2c00000| Untracked 
|   9|0x00000000a2d00000, 0x00000000a2e00000, 0x00000000a2e00000|100%| O|  |TAMS 0x00000000a2e00000, 0x00000000a2d00000| Untracked 
|  10|0x00000000a2e00000, 0x00000000a2f00000, 0x00000000a2f00000|100%| O|  |TAMS 0x00000000a2f00000, 0x00000000a2e00000| Untracked 
|  11|0x00000000a2f00000, 0x00000000a3000000, 0x00000000a3000000|100%| O|  |TAMS 0x00000000a3000000, 0x00000000a2f00000| Untracked 
|  12|0x00000000a3000000, 0x00000000a3100000, 0x00000000a3100000|100%| O|  |TAMS 0x00000000a3100000, 0x00000000a3000000| Untracked 
|  13|0x00000000a3100000, 0x00000000a3200000, 0x00000000a3200000|100%| O|  |TAMS 0x00000000a3200000, 0x00000000a3100000| Untracked 
|  14|0x00000000a3200000, 0x00000000a3300000, 0x00000000a3300000|100%| O|  |TAMS 0x00000000a3300000, 0x00000000a3200000| Untracked 
|  15|0x00000000a3300000, 0x00000000a3400000, 0x00000000a3400000|100%| O|  |TAMS 0x00000000a3400000, 0x00000000a3300000| Untracked 
|  16|0x00000000a3400000, 0x00000000a3500000, 0x00000000a3500000|100%| O|  |TAMS 0x00000000a3500000, 0x00000000a3400000| Untracked 
|  17|0x00000000a3500000, 0x00000000a3600000, 0x00000000a3600000|100%| O|  |TAMS 0x00000000a3600000, 0x00000000a3500000| Untracked 
|  18|0x00000000a3600000, 0x00000000a3700000, 0x00000000a3700000|100%| O|  |TAMS 0x00000000a3700000, 0x00000000a3600000| Untracked 
|  19|0x00000000a3700000, 0x00000000a3800000, 0x00000000a3800000|100%| O|  |TAMS 0x00000000a3800000, 0x00000000a3700000| Untracked 
|  20|0x00000000a3800000, 0x00000000a3900000, 0x00000000a3900000|100%| O|  |TAMS 0x00000000a3900000, 0x00000000a3800000| Untracked 
|  21|0x00000000a3900000, 0x00000000a3a00000, 0x00000000a3a00000|100%| O|  |TAMS 0x00000000a3a00000, 0x00000000a3900000| Untracked 
|  22|0x00000000a3a00000, 0x00000000a3b00000, 0x00000000a3b00000|100%| O|  |TAMS 0x00000000a3b00000, 0x00000000a3a00000| Untracked 
|  23|0x00000000a3b00000, 0x00000000a3c00000, 0x00000000a3c00000|100%| O|  |TAMS 0x00000000a3c00000, 0x00000000a3b00000| Untracked 
|  24|0x00000000a3c00000, 0x00000000a3d00000, 0x00000000a3d00000|100%| O|  |TAMS 0x00000000a3d00000, 0x00000000a3c00000| Untracked 
|  25|0x00000000a3d00000, 0x00000000a3e00000, 0x00000000a3e00000|100%| O|  |TAMS 0x00000000a3e00000, 0x00000000a3d00000| Untracked 
|  26|0x00000000a3e00000, 0x00000000a3f00000, 0x00000000a3f00000|100%| O|  |TAMS 0x00000000a3f00000, 0x00000000a3e00000| Untracked 
|  27|0x00000000a3f00000, 0x00000000a4000000, 0x00000000a4000000|100%| O|  |TAMS 0x00000000a4000000, 0x00000000a3f00000| Untracked 
|  28|0x00000000a4000000, 0x00000000a4100000, 0x00000000a4100000|100%| O|  |TAMS 0x00000000a4100000, 0x00000000a4000000| Untracked 
|  29|0x00000000a4100000, 0x00000000a4200000, 0x00000000a4200000|100%| O|  |TAMS 0x00000000a4200000, 0x00000000a4100000| Untracked 
|  30|0x00000000a4200000, 0x00000000a4300000, 0x00000000a4300000|100%| O|  |TAMS 0x00000000a4300000, 0x00000000a4200000| Untracked 
|  31|0x00000000a4300000, 0x00000000a4400000, 0x00000000a4400000|100%| O|  |TAMS 0x00000000a4400000, 0x00000000a4300000| Untracked 
|  32|0x00000000a4400000, 0x00000000a4500000, 0x00000000a4500000|100%| O|  |TAMS 0x00000000a4500000, 0x00000000a4400000| Untracked 
|  33|0x00000000a4500000, 0x00000000a4600000, 0x00000000a4600000|100%| O|  |TAMS 0x00000000a4600000, 0x00000000a4500000| Untracked 
|  34|0x00000000a4600000, 0x00000000a4700000, 0x00000000a4700000|100%| O|  |TAMS 0x00000000a4700000, 0x00000000a4600000| Untracked 
|  35|0x00000000a4700000, 0x00000000a4800000, 0x00000000a4800000|100%| O|  |TAMS 0x00000000a4800000, 0x00000000a4700000| Untracked 
|  36|0x00000000a4800000, 0x00000000a4900000, 0x00000000a4900000|100%| O|  |TAMS 0x00000000a4900000, 0x00000000a4800000| Untracked 
|  37|0x00000000a4900000, 0x00000000a4a00000, 0x00000000a4a00000|100%| O|  |TAMS 0x00000000a4a00000, 0x00000000a4900000| Untracked 
|  38|0x00000000a4a00000, 0x00000000a4b00000, 0x00000000a4b00000|100%| O|  |TAMS 0x00000000a4a00000, 0x00000000a4a00000| Untracked 
|  39|0x00000000a4b00000, 0x00000000a4c00000, 0x00000000a4c00000|100%| O|  |TAMS 0x00000000a4b00000, 0x00000000a4b00000| Untracked 
|  40|0x00000000a4c00000, 0x00000000a4d00000, 0x00000000a4d00000|100%| O|  |TAMS 0x00000000a4d00000, 0x00000000a4c00000| Untracked 
|  41|0x00000000a4d00000, 0x00000000a4d00000, 0x00000000a4e00000|  0%| F|  |TAMS 0x00000000a4d00000, 0x00000000a4d00000| Untracked 
|  42|0x00000000a4e00000, 0x00000000a4e00000, 0x00000000a4f00000|  0%| F|  |TAMS 0x00000000a4e00000, 0x00000000a4e00000| Untracked 
|  43|0x00000000a4f00000, 0x00000000a5000000, 0x00000000a5000000|100%| O|  |TAMS 0x00000000a5000000, 0x00000000a4f00000| Untracked 
|  44|0x00000000a5000000, 0x00000000a5100000, 0x00000000a5100000|100%| O|  |TAMS 0x00000000a5100000, 0x00000000a5000000| Untracked 
|  45|0x00000000a5100000, 0x00000000a5100000, 0x00000000a5200000|  0%| F|  |TAMS 0x00000000a5100000, 0x00000000a5100000| Untracked 
|  46|0x00000000a5200000, 0x00000000a5300000, 0x00000000a5300000|100%| O|  |TAMS 0x00000000a5300000, 0x00000000a5200000| Untracked 
|  47|0x00000000a5300000, 0x00000000a5400000, 0x00000000a5400000|100%| O|  |TAMS 0x00000000a5400000, 0x00000000a5300000| Untracked 
|  48|0x00000000a5400000, 0x00000000a5400000, 0x00000000a5500000|  0%| F|  |TAMS 0x00000000a5400000, 0x00000000a5400000| Untracked 
|  49|0x00000000a5500000, 0x00000000a5600000, 0x00000000a5600000|100%| O|  |TAMS 0x00000000a5600000, 0x00000000a5500000| Untracked 
|  50|0x00000000a5600000, 0x00000000a5700000, 0x00000000a5700000|100%| O|  |TAMS 0x00000000a5700000, 0x00000000a5600000| Untracked 
|  51|0x00000000a5700000, 0x00000000a5800000, 0x00000000a5800000|100%| O|  |TAMS 0x00000000a5800000, 0x00000000a5700000| Untracked 
|  52|0x00000000a5800000, 0x00000000a5900000, 0x00000000a5900000|100%| O|  |TAMS 0x00000000a5900000, 0x00000000a5800000| Untracked 
|  53|0x00000000a5900000, 0x00000000a5a00000, 0x00000000a5a00000|100%| O|  |TAMS 0x00000000a5a00000, 0x00000000a5900000| Untracked 
|  54|0x00000000a5a00000, 0x00000000a5b00000, 0x00000000a5b00000|100%| O|  |TAMS 0x00000000a5b00000, 0x00000000a5a00000| Untracked 
|  55|0x00000000a5b00000, 0x00000000a5c00000, 0x00000000a5c00000|100%| O|  |TAMS 0x00000000a5c00000, 0x00000000a5b00000| Untracked 
|  56|0x00000000a5c00000, 0x00000000a5c00000, 0x00000000a5d00000|  0%| F|  |TAMS 0x00000000a5c00000, 0x00000000a5c00000| Untracked 
|  57|0x00000000a5d00000, 0x00000000a5e00000, 0x00000000a5e00000|100%| O|  |TAMS 0x00000000a5e00000, 0x00000000a5d00000| Untracked 
|  58|0x00000000a5e00000, 0x00000000a5f00000, 0x00000000a5f00000|100%| O|  |TAMS 0x00000000a5f00000, 0x00000000a5e00000| Untracked 
|  59|0x00000000a5f00000, 0x00000000a6000000, 0x00000000a6000000|100%| O|  |TAMS 0x00000000a5f00000, 0x00000000a5f00000| Untracked 
|  60|0x00000000a6000000, 0x00000000a6100000, 0x00000000a6100000|100%| O|  |TAMS 0x00000000a6100000, 0x00000000a6000000| Untracked 
|  61|0x00000000a6100000, 0x00000000a6200000, 0x00000000a6200000|100%| O|  |TAMS 0x00000000a6200000, 0x00000000a6100000| Untracked 
|  62|0x00000000a6200000, 0x00000000a6300000, 0x00000000a6300000|100%| O|  |TAMS 0x00000000a6300000, 0x00000000a6200000| Untracked 
|  63|0x00000000a6300000, 0x00000000a6400000, 0x00000000a6400000|100%| O|  |TAMS 0x00000000a6300000, 0x00000000a6300000| Untracked 
|  64|0x00000000a6400000, 0x00000000a6400000, 0x00000000a6500000|  0%| F|  |TAMS 0x00000000a6400000, 0x00000000a6400000| Untracked 
|  65|0x00000000a6500000, 0x00000000a6600000, 0x00000000a6600000|100%| O|  |TAMS 0x00000000a6600000, 0x00000000a6500000| Untracked 
|  66|0x00000000a6600000, 0x00000000a6700000, 0x00000000a6700000|100%| O|  |TAMS 0x00000000a6700000, 0x00000000a6600000| Untracked 
|  67|0x00000000a6700000, 0x00000000a6800000, 0x00000000a6800000|100%| O|  |TAMS 0x00000000a6800000, 0x00000000a6700000| Untracked 
|  68|0x00000000a6800000, 0x00000000a6900000, 0x00000000a6900000|100%| O|  |TAMS 0x00000000a6900000, 0x00000000a6800000| Untracked 
|  69|0x00000000a6900000, 0x00000000a6a00000, 0x00000000a6a00000|100%| O|  |TAMS 0x00000000a6a00000, 0x00000000a6900000| Untracked 
|  70|0x00000000a6a00000, 0x00000000a6b00000, 0x00000000a6b00000|100%| O|  |TAMS 0x00000000a6b00000, 0x00000000a6a00000| Untracked 
|  71|0x00000000a6b00000, 0x00000000a6c00000, 0x00000000a6c00000|100%| O|  |TAMS 0x00000000a6c00000, 0x00000000a6b00000| Untracked 
|  72|0x00000000a6c00000, 0x00000000a6d00000, 0x00000000a6d00000|100%| O|  |TAMS 0x00000000a6d00000, 0x00000000a6c00000| Untracked 
|  73|0x00000000a6d00000, 0x00000000a6e00000, 0x00000000a6e00000|100%| O|  |TAMS 0x00000000a6e00000, 0x00000000a6d00000| Untracked 
|  74|0x00000000a6e00000, 0x00000000a6f00000, 0x00000000a6f00000|100%| O|  |TAMS 0x00000000a6f00000, 0x00000000a6e00000| Untracked 
|  75|0x00000000a6f00000, 0x00000000a7000000, 0x00000000a7000000|100%| O|  |TAMS 0x00000000a7000000, 0x00000000a6f00000| Untracked 
|  76|0x00000000a7000000, 0x00000000a7100000, 0x00000000a7100000|100%| O|  |TAMS 0x00000000a7100000, 0x00000000a7000000| Untracked 
|  77|0x00000000a7100000, 0x00000000a7200000, 0x00000000a7200000|100%| O|  |TAMS 0x00000000a7200000, 0x00000000a7100000| Untracked 
|  78|0x00000000a7200000, 0x00000000a7300000, 0x00000000a7300000|100%| O|  |TAMS 0x00000000a7300000, 0x00000000a7200000| Untracked 
|  79|0x00000000a7300000, 0x00000000a7400000, 0x00000000a7400000|100%| O|  |TAMS 0x00000000a7400000, 0x00000000a7300000| Untracked 
|  80|0x00000000a7400000, 0x00000000a7500000, 0x00000000a7500000|100%| O|  |TAMS 0x00000000a7500000, 0x00000000a7400000| Untracked 
|  81|0x00000000a7500000, 0x00000000a7600000, 0x00000000a7600000|100%| O|  |TAMS 0x00000000a7600000, 0x00000000a7500000| Untracked 
|  82|0x00000000a7600000, 0x00000000a7700000, 0x00000000a7700000|100%| O|  |TAMS 0x00000000a7700000, 0x00000000a7600000| Untracked 
|  83|0x00000000a7700000, 0x00000000a7800000, 0x00000000a7800000|100%| O|  |TAMS 0x00000000a7800000, 0x00000000a7700000| Untracked 
|  84|0x00000000a7800000, 0x00000000a7900000, 0x00000000a7900000|100%| O|  |TAMS 0x00000000a7900000, 0x00000000a7800000| Untracked 
|  85|0x00000000a7900000, 0x00000000a7a00000, 0x00000000a7a00000|100%| O|  |TAMS 0x00000000a7a00000, 0x00000000a7900000| Untracked 
|  86|0x00000000a7a00000, 0x00000000a7b00000, 0x00000000a7b00000|100%| O|  |TAMS 0x00000000a7b00000, 0x00000000a7a00000| Untracked 
|  87|0x00000000a7b00000, 0x00000000a7c00000, 0x00000000a7c00000|100%| O|  |TAMS 0x00000000a7b00000, 0x00000000a7b00000| Untracked 
|  88|0x00000000a7c00000, 0x00000000a7d00000, 0x00000000a7d00000|100%| O|  |TAMS 0x00000000a7c00000, 0x00000000a7c00000| Untracked 
|  89|0x00000000a7d00000, 0x00000000a7e00000, 0x00000000a7e00000|100%| O|  |TAMS 0x00000000a7e00000, 0x00000000a7d00000| Untracked 
|  90|0x00000000a7e00000, 0x00000000a7f00000, 0x00000000a7f00000|100%| O|  |TAMS 0x00000000a7f00000, 0x00000000a7e00000| Untracked 
|  91|0x00000000a7f00000, 0x00000000a8000000, 0x00000000a8000000|100%| O|  |TAMS 0x00000000a8000000, 0x00000000a7f00000| Untracked 
|  92|0x00000000a8000000, 0x00000000a8100000, 0x00000000a8100000|100%| O|  |TAMS 0x00000000a8100000, 0x00000000a8000000| Untracked 
|  93|0x00000000a8100000, 0x00000000a8200000, 0x00000000a8200000|100%| O|  |TAMS 0x00000000a8200000, 0x00000000a8100000| Untracked 
|  94|0x00000000a8200000, 0x00000000a8300000, 0x00000000a8300000|100%| O|  |TAMS 0x00000000a8300000, 0x00000000a8200000| Untracked 
|  95|0x00000000a8300000, 0x00000000a8400000, 0x00000000a8400000|100%| O|  |TAMS 0x00000000a8400000, 0x00000000a8300000| Untracked 
|  96|0x00000000a8400000, 0x00000000a8500000, 0x00000000a8500000|100%| O|  |TAMS 0x00000000a8500000, 0x00000000a8400000| Untracked 
|  97|0x00000000a8500000, 0x00000000a8600000, 0x00000000a8600000|100%| O|  |TAMS 0x00000000a8600000, 0x00000000a8500000| Untracked 
|  98|0x00000000a8600000, 0x00000000a8700000, 0x00000000a8700000|100%| O|  |TAMS 0x00000000a8700000, 0x00000000a8600000| Untracked 
|  99|0x00000000a8700000, 0x00000000a8800000, 0x00000000a8800000|100%| O|  |TAMS 0x00000000a8800000, 0x00000000a8700000| Untracked 
| 100|0x00000000a8800000, 0x00000000a8900000, 0x00000000a8900000|100%| O|  |TAMS 0x00000000a8900000, 0x00000000a8800000| Untracked 
| 101|0x00000000a8900000, 0x00000000a8a00000, 0x00000000a8a00000|100%| O|  |TAMS 0x00000000a8a00000, 0x00000000a8900000| Untracked 
| 102|0x00000000a8a00000, 0x00000000a8b00000, 0x00000000a8b00000|100%| O|  |TAMS 0x00000000a8a5ce00, 0x00000000a8a00000| Untracked 
| 103|0x00000000a8b00000, 0x00000000a8c00000, 0x00000000a8c00000|100%| O|  |TAMS 0x00000000a8b00000, 0x00000000a8b00000| Untracked 
| 104|0x00000000a8c00000, 0x00000000a8d00000, 0x00000000a8d00000|100%| O|  |TAMS 0x00000000a8c00000, 0x00000000a8c00000| Untracked 
| 105|0x00000000a8d00000, 0x00000000a8e00000, 0x00000000a8e00000|100%| O|  |TAMS 0x00000000a8d00000, 0x00000000a8d00000| Untracked 
| 106|0x00000000a8e00000, 0x00000000a8f00000, 0x00000000a8f00000|100%| O|  |TAMS 0x00000000a8e00000, 0x00000000a8e00000| Untracked 
| 107|0x00000000a8f00000, 0x00000000a9000000, 0x00000000a9000000|100%| O|  |TAMS 0x00000000a8f00000, 0x00000000a8f00000| Untracked 
| 108|0x00000000a9000000, 0x00000000a9100000, 0x00000000a9100000|100%| O|  |TAMS 0x00000000a9000000, 0x00000000a9000000| Untracked 
| 109|0x00000000a9100000, 0x00000000a9200000, 0x00000000a9200000|100%| O|  |TAMS 0x00000000a9100000, 0x00000000a9100000| Untracked 
| 110|0x00000000a9200000, 0x00000000a9300000, 0x00000000a9300000|100%| O|  |TAMS 0x00000000a9200000, 0x00000000a9200000| Untracked 
| 111|0x00000000a9300000, 0x00000000a9400000, 0x00000000a9400000|100%| O|  |TAMS 0x00000000a9300000, 0x00000000a9300000| Untracked 
| 112|0x00000000a9400000, 0x00000000a9500000, 0x00000000a9500000|100%| O|  |TAMS 0x00000000a9400000, 0x00000000a9400000| Untracked 
| 113|0x00000000a9500000, 0x00000000a9600000, 0x00000000a9600000|100%| O|  |TAMS 0x00000000a9500000, 0x00000000a9500000| Untracked 
| 114|0x00000000a9600000, 0x00000000a9700000, 0x00000000a9700000|100%| O|  |TAMS 0x00000000a9600000, 0x00000000a9600000| Untracked 
| 115|0x00000000a9700000, 0x00000000a9800000, 0x00000000a9800000|100%| O|  |TAMS 0x00000000a9700000, 0x00000000a9700000| Untracked 
| 116|0x00000000a9800000, 0x00000000a9899200, 0x00000000a9900000| 59%| O|  |TAMS 0x00000000a9800000, 0x00000000a9800000| Untracked 
| 117|0x00000000a9900000, 0x00000000a9900000, 0x00000000a9a00000|  0%| F|  |TAMS 0x00000000a9900000, 0x00000000a9900000| Untracked 
| 118|0x00000000a9a00000, 0x00000000a9a00000, 0x00000000a9b00000|  0%| F|  |TAMS 0x00000000a9a00000, 0x00000000a9a00000| Untracked 
| 119|0x00000000a9b00000, 0x00000000a9b00000, 0x00000000a9c00000|  0%| F|  |TAMS 0x00000000a9b00000, 0x00000000a9b00000| Untracked 
| 120|0x00000000a9c00000, 0x00000000a9c00000, 0x00000000a9d00000|  0%| F|  |TAMS 0x00000000a9c00000, 0x00000000a9c00000| Untracked 
| 121|0x00000000a9d00000, 0x00000000a9d00000, 0x00000000a9e00000|  0%| F|  |TAMS 0x00000000a9d00000, 0x00000000a9d00000| Untracked 
| 122|0x00000000a9e00000, 0x00000000a9e00000, 0x00000000a9f00000|  0%| F|  |TAMS 0x00000000a9e00000, 0x00000000a9e00000| Untracked 
| 123|0x00000000a9f00000, 0x00000000a9f00000, 0x00000000aa000000|  0%| F|  |TAMS 0x00000000a9f00000, 0x00000000a9f00000| Untracked 
| 124|0x00000000aa000000, 0x00000000aa000000, 0x00000000aa100000|  0%| F|  |TAMS 0x00000000aa000000, 0x00000000aa000000| Untracked 
| 125|0x00000000aa100000, 0x00000000aa100000, 0x00000000aa200000|  0%| F|  |TAMS 0x00000000aa100000, 0x00000000aa100000| Untracked 
| 126|0x00000000aa200000, 0x00000000aa200000, 0x00000000aa300000|  0%| F|  |TAMS 0x00000000aa200000, 0x00000000aa200000| Untracked 
| 127|0x00000000aa300000, 0x00000000aa300000, 0x00000000aa400000|  0%| F|  |TAMS 0x00000000aa300000, 0x00000000aa300000| Untracked 
| 128|0x00000000aa400000, 0x00000000aa400000, 0x00000000aa500000|  0%| F|  |TAMS 0x00000000aa400000, 0x00000000aa400000| Untracked 
| 129|0x00000000aa500000, 0x00000000aa500000, 0x00000000aa600000|  0%| F|  |TAMS 0x00000000aa500000, 0x00000000aa500000| Untracked 
| 130|0x00000000aa600000, 0x00000000aa600000, 0x00000000aa700000|  0%| F|  |TAMS 0x00000000aa600000, 0x00000000aa600000| Untracked 
| 131|0x00000000aa700000, 0x00000000aa700000, 0x00000000aa800000|  0%| F|  |TAMS 0x00000000aa700000, 0x00000000aa700000| Untracked 
| 132|0x00000000aa800000, 0x00000000aa800000, 0x00000000aa900000|  0%| F|  |TAMS 0x00000000aa800000, 0x00000000aa800000| Untracked 
| 133|0x00000000aa900000, 0x00000000aa900000, 0x00000000aaa00000|  0%| F|  |TAMS 0x00000000aa900000, 0x00000000aa900000| Untracked 
| 134|0x00000000aaa00000, 0x00000000aaa00000, 0x00000000aab00000|  0%| F|  |TAMS 0x00000000aaa00000, 0x00000000aaa00000| Untracked 
| 135|0x00000000aab00000, 0x00000000aab00000, 0x00000000aac00000|  0%| F|  |TAMS 0x00000000aab00000, 0x00000000aab00000| Untracked 
| 136|0x00000000aac00000, 0x00000000aac00000, 0x00000000aad00000|  0%| F|  |TAMS 0x00000000aac00000, 0x00000000aac00000| Untracked 
| 137|0x00000000aad00000, 0x00000000aad00000, 0x00000000aae00000|  0%| F|  |TAMS 0x00000000aad00000, 0x00000000aad00000| Untracked 
| 138|0x00000000aae00000, 0x00000000aae00000, 0x00000000aaf00000|  0%| F|  |TAMS 0x00000000aae00000, 0x00000000aae00000| Untracked 
| 139|0x00000000aaf00000, 0x00000000aaf00000, 0x00000000ab000000|  0%| F|  |TAMS 0x00000000aaf00000, 0x00000000aaf00000| Untracked 
| 140|0x00000000ab000000, 0x00000000ab000000, 0x00000000ab100000|  0%| F|  |TAMS 0x00000000ab000000, 0x00000000ab000000| Untracked 
| 141|0x00000000ab100000, 0x00000000ab100000, 0x00000000ab200000|  0%| F|  |TAMS 0x00000000ab100000, 0x00000000ab100000| Untracked 
| 142|0x00000000ab200000, 0x00000000ab200000, 0x00000000ab300000|  0%| F|  |TAMS 0x00000000ab200000, 0x00000000ab200000| Untracked 
| 143|0x00000000ab300000, 0x00000000ab300000, 0x00000000ab400000|  0%| F|  |TAMS 0x00000000ab300000, 0x00000000ab300000| Untracked 
| 144|0x00000000ab400000, 0x00000000ab400000, 0x00000000ab500000|  0%| F|  |TAMS 0x00000000ab400000, 0x00000000ab400000| Untracked 
| 145|0x00000000ab500000, 0x00000000ab500000, 0x00000000ab600000|  0%| F|  |TAMS 0x00000000ab500000, 0x00000000ab500000| Untracked 
| 146|0x00000000ab600000, 0x00000000ab600000, 0x00000000ab700000|  0%| F|  |TAMS 0x00000000ab600000, 0x00000000ab600000| Untracked 
| 147|0x00000000ab700000, 0x00000000ab700000, 0x00000000ab800000|  0%| F|  |TAMS 0x00000000ab700000, 0x00000000ab700000| Untracked 
| 148|0x00000000ab800000, 0x00000000ab800000, 0x00000000ab900000|  0%| F|  |TAMS 0x00000000ab800000, 0x00000000ab800000| Untracked 
| 149|0x00000000ab900000, 0x00000000ab900000, 0x00000000aba00000|  0%| F|  |TAMS 0x00000000ab900000, 0x00000000ab900000| Untracked 
| 150|0x00000000aba00000, 0x00000000aba00000, 0x00000000abb00000|  0%| F|  |TAMS 0x00000000aba00000, 0x00000000aba00000| Untracked 
| 151|0x00000000abb00000, 0x00000000abb00000, 0x00000000abc00000|  0%| F|  |TAMS 0x00000000abb00000, 0x00000000abb00000| Untracked 
| 152|0x00000000abc00000, 0x00000000abc00000, 0x00000000abd00000|  0%| F|  |TAMS 0x00000000abc00000, 0x00000000abc00000| Untracked 
| 153|0x00000000abd00000, 0x00000000abd00000, 0x00000000abe00000|  0%| F|  |TAMS 0x00000000abd00000, 0x00000000abd00000| Untracked 
| 154|0x00000000abe00000, 0x00000000abe00000, 0x00000000abf00000|  0%| F|  |TAMS 0x00000000abe00000, 0x00000000abe00000| Untracked 
| 155|0x00000000abf00000, 0x00000000abf00000, 0x00000000ac000000|  0%| F|  |TAMS 0x00000000abf00000, 0x00000000abf00000| Untracked 
| 156|0x00000000ac000000, 0x00000000ac000000, 0x00000000ac100000|  0%| F|  |TAMS 0x00000000ac000000, 0x00000000ac000000| Untracked 
| 157|0x00000000ac100000, 0x00000000ac100000, 0x00000000ac200000|  0%| F|  |TAMS 0x00000000ac100000, 0x00000000ac100000| Untracked 
| 158|0x00000000ac200000, 0x00000000ac200000, 0x00000000ac300000|  0%| F|  |TAMS 0x00000000ac200000, 0x00000000ac200000| Untracked 
| 159|0x00000000ac300000, 0x00000000ac300000, 0x00000000ac400000|  0%| F|  |TAMS 0x00000000ac300000, 0x00000000ac300000| Untracked 
| 160|0x00000000ac400000, 0x00000000ac400000, 0x00000000ac500000|  0%| F|  |TAMS 0x00000000ac400000, 0x00000000ac400000| Untracked 
| 161|0x00000000ac500000, 0x00000000ac500000, 0x00000000ac600000|  0%| F|  |TAMS 0x00000000ac500000, 0x00000000ac500000| Untracked 
| 162|0x00000000ac600000, 0x00000000ac600000, 0x00000000ac700000|  0%| F|  |TAMS 0x00000000ac600000, 0x00000000ac600000| Untracked 
| 163|0x00000000ac700000, 0x00000000ac700000, 0x00000000ac800000|  0%| F|  |TAMS 0x00000000ac700000, 0x00000000ac700000| Untracked 
| 164|0x00000000ac800000, 0x00000000ac800000, 0x00000000ac900000|  0%| F|  |TAMS 0x00000000ac800000, 0x00000000ac800000| Untracked 
| 165|0x00000000ac900000, 0x00000000ac900000, 0x00000000aca00000|  0%| F|  |TAMS 0x00000000ac900000, 0x00000000ac900000| Untracked 
| 166|0x00000000aca00000, 0x00000000aca00000, 0x00000000acb00000|  0%| F|  |TAMS 0x00000000aca00000, 0x00000000aca00000| Untracked 
| 167|0x00000000acb00000, 0x00000000acb00000, 0x00000000acc00000|  0%| F|  |TAMS 0x00000000acb00000, 0x00000000acb00000| Untracked 
| 168|0x00000000acc00000, 0x00000000acc00000, 0x00000000acd00000|  0%| F|  |TAMS 0x00000000acc00000, 0x00000000acc00000| Untracked 
| 169|0x00000000acd00000, 0x00000000acd00000, 0x00000000ace00000|  0%| F|  |TAMS 0x00000000acd00000, 0x00000000acd00000| Untracked 
| 170|0x00000000ace00000, 0x00000000ace00000, 0x00000000acf00000|  0%| F|  |TAMS 0x00000000ace00000, 0x00000000ace00000| Untracked 
| 171|0x00000000acf00000, 0x00000000acf00000, 0x00000000ad000000|  0%| F|  |TAMS 0x00000000acf00000, 0x00000000acf00000| Untracked 
| 172|0x00000000ad000000, 0x00000000ad000000, 0x00000000ad100000|  0%| F|  |TAMS 0x00000000ad000000, 0x00000000ad000000| Untracked 
| 173|0x00000000ad100000, 0x00000000ad100000, 0x00000000ad200000|  0%| F|  |TAMS 0x00000000ad100000, 0x00000000ad100000| Untracked 
| 174|0x00000000ad200000, 0x00000000ad200000, 0x00000000ad300000|  0%| F|  |TAMS 0x00000000ad200000, 0x00000000ad200000| Untracked 
| 175|0x00000000ad300000, 0x00000000ad300000, 0x00000000ad400000|  0%| F|  |TAMS 0x00000000ad300000, 0x00000000ad300000| Untracked 
| 176|0x00000000ad400000, 0x00000000ad400000, 0x00000000ad500000|  0%| F|  |TAMS 0x00000000ad400000, 0x00000000ad400000| Untracked 
| 177|0x00000000ad500000, 0x00000000ad500000, 0x00000000ad600000|  0%| F|  |TAMS 0x00000000ad500000, 0x00000000ad500000| Untracked 
| 178|0x00000000ad600000, 0x00000000ad600000, 0x00000000ad700000|  0%| F|  |TAMS 0x00000000ad600000, 0x00000000ad600000| Untracked 
| 179|0x00000000ad700000, 0x00000000ad700000, 0x00000000ad800000|  0%| F|  |TAMS 0x00000000ad700000, 0x00000000ad700000| Untracked 
| 180|0x00000000ad800000, 0x00000000ad800000, 0x00000000ad900000|  0%| F|  |TAMS 0x00000000ad800000, 0x00000000ad800000| Untracked 
| 181|0x00000000ad900000, 0x00000000ad900000, 0x00000000ada00000|  0%| F|  |TAMS 0x00000000ad900000, 0x00000000ad900000| Untracked 
| 182|0x00000000ada00000, 0x00000000ada00000, 0x00000000adb00000|  0%| F|  |TAMS 0x00000000ada00000, 0x00000000ada00000| Untracked 
| 183|0x00000000adb00000, 0x00000000adb00000, 0x00000000adc00000|  0%| F|  |TAMS 0x00000000adb00000, 0x00000000adb00000| Untracked 
| 184|0x00000000adc00000, 0x00000000adc00000, 0x00000000add00000|  0%| F|  |TAMS 0x00000000adc00000, 0x00000000adc00000| Untracked 
| 185|0x00000000add00000, 0x00000000add00000, 0x00000000ade00000|  0%| F|  |TAMS 0x00000000add00000, 0x00000000add00000| Untracked 
| 186|0x00000000ade00000, 0x00000000ade00000, 0x00000000adf00000|  0%| F|  |TAMS 0x00000000ade00000, 0x00000000ade00000| Untracked 
| 187|0x00000000adf00000, 0x00000000adf00000, 0x00000000ae000000|  0%| F|  |TAMS 0x00000000adf00000, 0x00000000adf00000| Untracked 
| 188|0x00000000ae000000, 0x00000000ae000000, 0x00000000ae100000|  0%| F|  |TAMS 0x00000000ae000000, 0x00000000ae000000| Untracked 
| 189|0x00000000ae100000, 0x00000000ae100000, 0x00000000ae200000|  0%| F|  |TAMS 0x00000000ae100000, 0x00000000ae100000| Untracked 
| 190|0x00000000ae200000, 0x00000000ae200000, 0x00000000ae300000|  0%| F|  |TAMS 0x00000000ae200000, 0x00000000ae200000| Untracked 
| 191|0x00000000ae300000, 0x00000000ae300000, 0x00000000ae400000|  0%| F|  |TAMS 0x00000000ae300000, 0x00000000ae300000| Untracked 
| 192|0x00000000ae400000, 0x00000000ae400000, 0x00000000ae500000|  0%| F|  |TAMS 0x00000000ae400000, 0x00000000ae400000| Untracked 
| 193|0x00000000ae500000, 0x00000000ae500000, 0x00000000ae600000|  0%| F|  |TAMS 0x00000000ae500000, 0x00000000ae500000| Untracked 
| 194|0x00000000ae600000, 0x00000000ae600000, 0x00000000ae700000|  0%| F|  |TAMS 0x00000000ae600000, 0x00000000ae600000| Untracked 
| 195|0x00000000ae700000, 0x00000000ae700000, 0x00000000ae800000|  0%| F|  |TAMS 0x00000000ae700000, 0x00000000ae700000| Untracked 
| 196|0x00000000ae800000, 0x00000000ae800000, 0x00000000ae900000|  0%| F|  |TAMS 0x00000000ae800000, 0x00000000ae800000| Untracked 
| 197|0x00000000ae900000, 0x00000000ae900000, 0x00000000aea00000|  0%| F|  |TAMS 0x00000000ae900000, 0x00000000ae900000| Untracked 
| 198|0x00000000aea00000, 0x00000000aea00000, 0x00000000aeb00000|  0%| F|  |TAMS 0x00000000aea00000, 0x00000000aea00000| Untracked 
| 199|0x00000000aeb00000, 0x00000000aeb00000, 0x00000000aec00000|  0%| F|  |TAMS 0x00000000aeb00000, 0x00000000aeb00000| Untracked 
| 200|0x00000000aec00000, 0x00000000aec00000, 0x00000000aed00000|  0%| F|  |TAMS 0x00000000aec00000, 0x00000000aec00000| Untracked 
| 201|0x00000000aed00000, 0x00000000aed00000, 0x00000000aee00000|  0%| F|  |TAMS 0x00000000aed00000, 0x00000000aed00000| Untracked 
| 202|0x00000000aee00000, 0x00000000aee00000, 0x00000000aef00000|  0%| F|  |TAMS 0x00000000aee00000, 0x00000000aee00000| Untracked 
| 203|0x00000000aef00000, 0x00000000aef00000, 0x00000000af000000|  0%| F|  |TAMS 0x00000000aef00000, 0x00000000aef00000| Untracked 
| 204|0x00000000af000000, 0x00000000af000000, 0x00000000af100000|  0%| F|  |TAMS 0x00000000af000000, 0x00000000af000000| Untracked 
| 205|0x00000000af100000, 0x00000000af100000, 0x00000000af200000|  0%| F|  |TAMS 0x00000000af100000, 0x00000000af100000| Untracked 
| 206|0x00000000af200000, 0x00000000af200000, 0x00000000af300000|  0%| F|  |TAMS 0x00000000af200000, 0x00000000af200000| Untracked 
| 207|0x00000000af300000, 0x00000000af300000, 0x00000000af400000|  0%| F|  |TAMS 0x00000000af300000, 0x00000000af300000| Untracked 
| 208|0x00000000af400000, 0x00000000af400000, 0x00000000af500000|  0%| F|  |TAMS 0x00000000af400000, 0x00000000af400000| Untracked 
| 209|0x00000000af500000, 0x00000000af500000, 0x00000000af600000|  0%| F|  |TAMS 0x00000000af500000, 0x00000000af500000| Untracked 
| 210|0x00000000af600000, 0x00000000af600000, 0x00000000af700000|  0%| F|  |TAMS 0x00000000af600000, 0x00000000af600000| Untracked 
| 211|0x00000000af700000, 0x00000000af700000, 0x00000000af800000|  0%| F|  |TAMS 0x00000000af700000, 0x00000000af700000| Untracked 
| 212|0x00000000af800000, 0x00000000af800000, 0x00000000af900000|  0%| F|  |TAMS 0x00000000af800000, 0x00000000af800000| Untracked 
| 213|0x00000000af900000, 0x00000000af900000, 0x00000000afa00000|  0%| F|  |TAMS 0x00000000af900000, 0x00000000af900000| Untracked 
| 214|0x00000000afa00000, 0x00000000afa00000, 0x00000000afb00000|  0%| F|  |TAMS 0x00000000afa00000, 0x00000000afa00000| Untracked 
| 215|0x00000000afb00000, 0x00000000afb00000, 0x00000000afc00000|  0%| F|  |TAMS 0x00000000afb00000, 0x00000000afb00000| Untracked 
| 216|0x00000000afc00000, 0x00000000afc00000, 0x00000000afd00000|  0%| F|  |TAMS 0x00000000afc00000, 0x00000000afc00000| Untracked 
| 217|0x00000000afd00000, 0x00000000afd00000, 0x00000000afe00000|  0%| F|  |TAMS 0x00000000afd00000, 0x00000000afd00000| Untracked 
| 218|0x00000000afe00000, 0x00000000afe00000, 0x00000000aff00000|  0%| F|  |TAMS 0x00000000afe00000, 0x00000000afe00000| Untracked 
| 219|0x00000000aff00000, 0x00000000aff00000, 0x00000000b0000000|  0%| F|  |TAMS 0x00000000aff00000, 0x00000000aff00000| Untracked 
| 220|0x00000000b0000000, 0x00000000b0000000, 0x00000000b0100000|  0%| F|  |TAMS 0x00000000b0000000, 0x00000000b0000000| Untracked 
| 221|0x00000000b0100000, 0x00000000b0100000, 0x00000000b0200000|  0%| F|  |TAMS 0x00000000b0100000, 0x00000000b0100000| Untracked 
| 222|0x00000000b0200000, 0x00000000b0200000, 0x00000000b0300000|  0%| F|  |TAMS 0x00000000b0200000, 0x00000000b0200000| Untracked 
| 223|0x00000000b0300000, 0x00000000b0300000, 0x00000000b0400000|  0%| F|  |TAMS 0x00000000b0300000, 0x00000000b0300000| Untracked 
| 224|0x00000000b0400000, 0x00000000b0400000, 0x00000000b0500000|  0%| F|  |TAMS 0x00000000b0400000, 0x00000000b0400000| Untracked 
| 225|0x00000000b0500000, 0x00000000b05e2700, 0x00000000b0600000| 88%| E|  |TAMS 0x00000000b0500000, 0x00000000b0500000| Complete 
| 226|0x00000000b0600000, 0x00000000b0700000, 0x00000000b0700000|100%| E|CS|TAMS 0x00000000b0600000, 0x00000000b0600000| Complete 
| 227|0x00000000b0700000, 0x00000000b0800000, 0x00000000b0800000|100%| E|CS|TAMS 0x00000000b0700000, 0x00000000b0700000| Complete 
| 228|0x00000000b0800000, 0x00000000b0900000, 0x00000000b0900000|100%| E|CS|TAMS 0x00000000b0800000, 0x00000000b0800000| Complete 
| 229|0x00000000b0900000, 0x00000000b0a00000, 0x00000000b0a00000|100%| E|CS|TAMS 0x00000000b0900000, 0x00000000b0900000| Complete 
| 230|0x00000000b0a00000, 0x00000000b0b00000, 0x00000000b0b00000|100%| E|CS|TAMS 0x00000000b0a00000, 0x00000000b0a00000| Complete 
| 231|0x00000000b0b00000, 0x00000000b0c00000, 0x00000000b0c00000|100%| E|CS|TAMS 0x00000000b0b00000, 0x00000000b0b00000| Complete 
| 232|0x00000000b0c00000, 0x00000000b0d00000, 0x00000000b0d00000|100%| E|CS|TAMS 0x00000000b0c00000, 0x00000000b0c00000| Complete 
| 233|0x00000000b0d00000, 0x00000000b0e00000, 0x00000000b0e00000|100%| E|CS|TAMS 0x00000000b0d00000, 0x00000000b0d00000| Complete 
| 234|0x00000000b0e00000, 0x00000000b0f00000, 0x00000000b0f00000|100%| E|CS|TAMS 0x00000000b0e00000, 0x00000000b0e00000| Complete 
| 235|0x00000000b0f00000, 0x00000000b1000000, 0x00000000b1000000|100%| E|CS|TAMS 0x00000000b0f00000, 0x00000000b0f00000| Complete 
| 236|0x00000000b1000000, 0x00000000b1100000, 0x00000000b1100000|100%| E|CS|TAMS 0x00000000b1000000, 0x00000000b1000000| Complete 
| 237|0x00000000b1100000, 0x00000000b1200000, 0x00000000b1200000|100%| E|CS|TAMS 0x00000000b1100000, 0x00000000b1100000| Complete 
| 238|0x00000000b1200000, 0x00000000b1300000, 0x00000000b1300000|100%| E|CS|TAMS 0x00000000b1200000, 0x00000000b1200000| Complete 
| 239|0x00000000b1300000, 0x00000000b1400000, 0x00000000b1400000|100%| E|CS|TAMS 0x00000000b1300000, 0x00000000b1300000| Complete 
| 240|0x00000000b1400000, 0x00000000b1500000, 0x00000000b1500000|100%| E|CS|TAMS 0x00000000b1400000, 0x00000000b1400000| Complete 
| 241|0x00000000b1500000, 0x00000000b1600000, 0x00000000b1600000|100%| E|CS|TAMS 0x00000000b1500000, 0x00000000b1500000| Complete 
| 242|0x00000000b1600000, 0x00000000b1700000, 0x00000000b1700000|100%| E|CS|TAMS 0x00000000b1600000, 0x00000000b1600000| Complete 
| 243|0x00000000b1700000, 0x00000000b1800000, 0x00000000b1800000|100%| E|CS|TAMS 0x00000000b1700000, 0x00000000b1700000| Complete 
| 244|0x00000000b1800000, 0x00000000b1900000, 0x00000000b1900000|100%| E|CS|TAMS 0x00000000b1800000, 0x00000000b1800000| Complete 
| 245|0x00000000b1900000, 0x00000000b1a00000, 0x00000000b1a00000|100%| E|CS|TAMS 0x00000000b1900000, 0x00000000b1900000| Complete 
| 246|0x00000000b1a00000, 0x00000000b1b00000, 0x00000000b1b00000|100%| E|CS|TAMS 0x00000000b1a00000, 0x00000000b1a00000| Complete 
| 247|0x00000000b1b00000, 0x00000000b1c00000, 0x00000000b1c00000|100%| E|CS|TAMS 0x00000000b1b00000, 0x00000000b1b00000| Complete 
| 248|0x00000000b1c00000, 0x00000000b1d00000, 0x00000000b1d00000|100%| E|CS|TAMS 0x00000000b1c00000, 0x00000000b1c00000| Complete 
| 249|0x00000000b1d00000, 0x00000000b1e00000, 0x00000000b1e00000|100%| E|CS|TAMS 0x00000000b1d00000, 0x00000000b1d00000| Complete 
| 250|0x00000000b1e00000, 0x00000000b1f00000, 0x00000000b1f00000|100%| E|CS|TAMS 0x00000000b1e00000, 0x00000000b1e00000| Complete 
| 251|0x00000000b1f00000, 0x00000000b2000000, 0x00000000b2000000|100%| E|CS|TAMS 0x00000000b1f00000, 0x00000000b1f00000| Complete 
| 252|0x00000000b2000000, 0x00000000b2100000, 0x00000000b2100000|100%| E|CS|TAMS 0x00000000b2000000, 0x00000000b2000000| Complete 
| 253|0x00000000b2100000, 0x00000000b2200000, 0x00000000b2200000|100%| E|CS|TAMS 0x00000000b2100000, 0x00000000b2100000| Complete 
| 254|0x00000000b2200000, 0x00000000b2300000, 0x00000000b2300000|100%| E|CS|TAMS 0x00000000b2200000, 0x00000000b2200000| Complete 
| 255|0x00000000b2300000, 0x00000000b2400000, 0x00000000b2400000|100%| E|CS|TAMS 0x00000000b2300000, 0x00000000b2300000| Complete 
| 256|0x00000000b2400000, 0x00000000b2500000, 0x00000000b2500000|100%| E|CS|TAMS 0x00000000b2400000, 0x00000000b2400000| Complete 
| 257|0x00000000b2500000, 0x00000000b2600000, 0x00000000b2600000|100%| E|CS|TAMS 0x00000000b2500000, 0x00000000b2500000| Complete 
| 258|0x00000000b2600000, 0x00000000b2700000, 0x00000000b2700000|100%| E|CS|TAMS 0x00000000b2600000, 0x00000000b2600000| Complete 
| 259|0x00000000b2700000, 0x00000000b2800000, 0x00000000b2800000|100%| E|CS|TAMS 0x00000000b2700000, 0x00000000b2700000| Complete 
| 260|0x00000000b2800000, 0x00000000b2900000, 0x00000000b2900000|100%| E|CS|TAMS 0x00000000b2800000, 0x00000000b2800000| Complete 
| 261|0x00000000b2900000, 0x00000000b2a00000, 0x00000000b2a00000|100%| E|CS|TAMS 0x00000000b2900000, 0x00000000b2900000| Complete 
| 262|0x00000000b2a00000, 0x00000000b2b00000, 0x00000000b2b00000|100%| E|CS|TAMS 0x00000000b2a00000, 0x00000000b2a00000| Complete 
| 263|0x00000000b2b00000, 0x00000000b2c00000, 0x00000000b2c00000|100%| E|CS|TAMS 0x00000000b2b00000, 0x00000000b2b00000| Complete 
| 264|0x00000000b2c00000, 0x00000000b2d00000, 0x00000000b2d00000|100%| E|CS|TAMS 0x00000000b2c00000, 0x00000000b2c00000| Complete 
| 265|0x00000000b2d00000, 0x00000000b2e00000, 0x00000000b2e00000|100%| E|CS|TAMS 0x00000000b2d00000, 0x00000000b2d00000| Complete 
| 266|0x00000000b2e00000, 0x00000000b2f00000, 0x00000000b2f00000|100%| E|CS|TAMS 0x00000000b2e00000, 0x00000000b2e00000| Complete 
| 267|0x00000000b2f00000, 0x00000000b3000000, 0x00000000b3000000|100%| E|CS|TAMS 0x00000000b2f00000, 0x00000000b2f00000| Complete 
| 268|0x00000000b3000000, 0x00000000b3100000, 0x00000000b3100000|100%| E|CS|TAMS 0x00000000b3000000, 0x00000000b3000000| Complete 
| 269|0x00000000b3100000, 0x00000000b3200000, 0x00000000b3200000|100%| E|CS|TAMS 0x00000000b3100000, 0x00000000b3100000| Complete 
| 270|0x00000000b3200000, 0x00000000b3300000, 0x00000000b3300000|100%| E|CS|TAMS 0x00000000b3200000, 0x00000000b3200000| Complete 
| 271|0x00000000b3300000, 0x00000000b3400000, 0x00000000b3400000|100%| E|CS|TAMS 0x00000000b3300000, 0x00000000b3300000| Complete 
| 272|0x00000000b3400000, 0x00000000b3500000, 0x00000000b3500000|100%| E|CS|TAMS 0x00000000b3400000, 0x00000000b3400000| Complete 
| 273|0x00000000b3500000, 0x00000000b3600000, 0x00000000b3600000|100%| E|CS|TAMS 0x00000000b3500000, 0x00000000b3500000| Complete 
| 274|0x00000000b3600000, 0x00000000b3700000, 0x00000000b3700000|100%| E|CS|TAMS 0x00000000b3600000, 0x00000000b3600000| Complete 
| 275|0x00000000b3700000, 0x00000000b3800000, 0x00000000b3800000|100%| E|CS|TAMS 0x00000000b3700000, 0x00000000b3700000| Complete 
| 276|0x00000000b3800000, 0x00000000b3900000, 0x00000000b3900000|100%| E|CS|TAMS 0x00000000b3800000, 0x00000000b3800000| Complete 
| 277|0x00000000b3900000, 0x00000000b3a00000, 0x00000000b3a00000|100%| E|CS|TAMS 0x00000000b3900000, 0x00000000b3900000| Complete 
| 278|0x00000000b3a00000, 0x00000000b3b00000, 0x00000000b3b00000|100%| E|CS|TAMS 0x00000000b3a00000, 0x00000000b3a00000| Complete 
| 279|0x00000000b3b00000, 0x00000000b3c00000, 0x00000000b3c00000|100%| E|CS|TAMS 0x00000000b3b00000, 0x00000000b3b00000| Complete 
| 280|0x00000000b3c00000, 0x00000000b3d00000, 0x00000000b3d00000|100%| E|CS|TAMS 0x00000000b3c00000, 0x00000000b3c00000| Complete 
| 281|0x00000000b3d00000, 0x00000000b3e00000, 0x00000000b3e00000|100%| E|CS|TAMS 0x00000000b3d00000, 0x00000000b3d00000| Complete 
| 282|0x00000000b3e00000, 0x00000000b3f00000, 0x00000000b3f00000|100%| E|CS|TAMS 0x00000000b3e00000, 0x00000000b3e00000| Complete 
| 283|0x00000000b3f00000, 0x00000000b4000000, 0x00000000b4000000|100%| E|CS|TAMS 0x00000000b3f00000, 0x00000000b3f00000| Complete 
| 284|0x00000000b4000000, 0x00000000b4100000, 0x00000000b4100000|100%| E|CS|TAMS 0x00000000b4000000, 0x00000000b4000000| Complete 
| 285|0x00000000b4100000, 0x00000000b4200000, 0x00000000b4200000|100%| E|CS|TAMS 0x00000000b4100000, 0x00000000b4100000| Complete 
| 286|0x00000000b4200000, 0x00000000b4300000, 0x00000000b4300000|100%| E|CS|TAMS 0x00000000b4200000, 0x00000000b4200000| Complete 
| 287|0x00000000b4300000, 0x00000000b4400000, 0x00000000b4400000|100%| E|CS|TAMS 0x00000000b4300000, 0x00000000b4300000| Complete 
| 288|0x00000000b4400000, 0x00000000b4500000, 0x00000000b4500000|100%| E|CS|TAMS 0x00000000b4400000, 0x00000000b4400000| Complete 
| 289|0x00000000b4500000, 0x00000000b4600000, 0x00000000b4600000|100%| E|CS|TAMS 0x00000000b4500000, 0x00000000b4500000| Complete 
| 290|0x00000000b4600000, 0x00000000b4700000, 0x00000000b4700000|100%| E|CS|TAMS 0x00000000b4600000, 0x00000000b4600000| Complete 
| 291|0x00000000b4700000, 0x00000000b4800000, 0x00000000b4800000|100%| E|CS|TAMS 0x00000000b4700000, 0x00000000b4700000| Complete 
| 292|0x00000000b4800000, 0x00000000b4900000, 0x00000000b4900000|100%| E|CS|TAMS 0x00000000b4800000, 0x00000000b4800000| Complete 
| 293|0x00000000b4900000, 0x00000000b4a00000, 0x00000000b4a00000|100%| E|CS|TAMS 0x00000000b4900000, 0x00000000b4900000| Complete 
| 294|0x00000000b4a00000, 0x00000000b4b00000, 0x00000000b4b00000|100%| E|CS|TAMS 0x00000000b4a00000, 0x00000000b4a00000| Complete 
| 295|0x00000000b4b00000, 0x00000000b4c00000, 0x00000000b4c00000|100%| E|CS|TAMS 0x00000000b4b00000, 0x00000000b4b00000| Complete 
| 296|0x00000000b4c00000, 0x00000000b4d00000, 0x00000000b4d00000|100%| E|CS|TAMS 0x00000000b4c00000, 0x00000000b4c00000| Complete 
| 297|0x00000000b4d00000, 0x00000000b4e00000, 0x00000000b4e00000|100%| E|CS|TAMS 0x00000000b4d00000, 0x00000000b4d00000| Complete 
| 298|0x00000000b4e00000, 0x00000000b4f00000, 0x00000000b4f00000|100%| E|CS|TAMS 0x00000000b4e00000, 0x00000000b4e00000| Complete 
| 299|0x00000000b4f00000, 0x00000000b5000000, 0x00000000b5000000|100%| E|CS|TAMS 0x00000000b4f00000, 0x00000000b4f00000| Complete 
| 300|0x00000000b5000000, 0x00000000b5100000, 0x00000000b5100000|100%| E|CS|TAMS 0x00000000b5000000, 0x00000000b5000000| Complete 
| 301|0x00000000b5100000, 0x00000000b5200000, 0x00000000b5200000|100%| E|CS|TAMS 0x00000000b5100000, 0x00000000b5100000| Complete 
| 302|0x00000000b5200000, 0x00000000b5300000, 0x00000000b5300000|100%| E|CS|TAMS 0x00000000b5200000, 0x00000000b5200000| Complete 
| 303|0x00000000b5300000, 0x00000000b5400000, 0x00000000b5400000|100%| E|CS|TAMS 0x00000000b5300000, 0x00000000b5300000| Complete 
| 304|0x00000000b5400000, 0x00000000b5500000, 0x00000000b5500000|100%| E|CS|TAMS 0x00000000b5400000, 0x00000000b5400000| Complete 
| 305|0x00000000b5500000, 0x00000000b5600000, 0x00000000b5600000|100%| E|CS|TAMS 0x00000000b5500000, 0x00000000b5500000| Complete 
| 306|0x00000000b5600000, 0x00000000b5700000, 0x00000000b5700000|100%| E|CS|TAMS 0x00000000b5600000, 0x00000000b5600000| Complete 
| 307|0x00000000b5700000, 0x00000000b5800000, 0x00000000b5800000|100%| E|CS|TAMS 0x00000000b5700000, 0x00000000b5700000| Complete 
| 308|0x00000000b5800000, 0x00000000b5900000, 0x00000000b5900000|100%| E|CS|TAMS 0x00000000b5800000, 0x00000000b5800000| Complete 
| 309|0x00000000b5900000, 0x00000000b5a00000, 0x00000000b5a00000|100%| E|CS|TAMS 0x00000000b5900000, 0x00000000b5900000| Complete 
| 310|0x00000000b5a00000, 0x00000000b5b00000, 0x00000000b5b00000|100%| E|CS|TAMS 0x00000000b5a00000, 0x00000000b5a00000| Complete 
| 311|0x00000000b5b00000, 0x00000000b5c00000, 0x00000000b5c00000|100%| E|CS|TAMS 0x00000000b5b00000, 0x00000000b5b00000| Complete 
| 312|0x00000000b5c00000, 0x00000000b5d00000, 0x00000000b5d00000|100%| E|CS|TAMS 0x00000000b5c00000, 0x00000000b5c00000| Complete 
| 313|0x00000000b5d00000, 0x00000000b5e00000, 0x00000000b5e00000|100%| E|CS|TAMS 0x00000000b5d00000, 0x00000000b5d00000| Complete 
| 314|0x00000000b5e00000, 0x00000000b5f00000, 0x00000000b5f00000|100%| E|CS|TAMS 0x00000000b5e00000, 0x00000000b5e00000| Complete 
| 315|0x00000000b5f00000, 0x00000000b6000000, 0x00000000b6000000|100%| E|CS|TAMS 0x00000000b5f00000, 0x00000000b5f00000| Complete 
| 316|0x00000000b6000000, 0x00000000b6100000, 0x00000000b6100000|100%| E|CS|TAMS 0x00000000b6000000, 0x00000000b6000000| Complete 
| 317|0x00000000b6100000, 0x00000000b6200000, 0x00000000b6200000|100%| E|CS|TAMS 0x00000000b6100000, 0x00000000b6100000| Complete 
| 318|0x00000000b6200000, 0x00000000b6300000, 0x00000000b6300000|100%| E|CS|TAMS 0x00000000b6200000, 0x00000000b6200000| Complete 
| 319|0x00000000b6300000, 0x00000000b6400000, 0x00000000b6400000|100%| E|CS|TAMS 0x00000000b6300000, 0x00000000b6300000| Complete 
| 320|0x00000000b6400000, 0x00000000b6500000, 0x00000000b6500000|100%| E|CS|TAMS 0x00000000b6400000, 0x00000000b6400000| Complete 
| 321|0x00000000b6500000, 0x00000000b6600000, 0x00000000b6600000|100%| E|CS|TAMS 0x00000000b6500000, 0x00000000b6500000| Complete 
| 322|0x00000000b6600000, 0x00000000b6700000, 0x00000000b6700000|100%| E|CS|TAMS 0x00000000b6600000, 0x00000000b6600000| Complete 
| 323|0x00000000b6700000, 0x00000000b6800000, 0x00000000b6800000|100%| E|CS|TAMS 0x00000000b6700000, 0x00000000b6700000| Complete 
| 324|0x00000000b6800000, 0x00000000b6900000, 0x00000000b6900000|100%| E|CS|TAMS 0x00000000b6800000, 0x00000000b6800000| Complete 
| 325|0x00000000b6900000, 0x00000000b6a00000, 0x00000000b6a00000|100%| E|CS|TAMS 0x00000000b6900000, 0x00000000b6900000| Complete 
| 326|0x00000000b6a00000, 0x00000000b6b00000, 0x00000000b6b00000|100%| E|CS|TAMS 0x00000000b6a00000, 0x00000000b6a00000| Complete 
| 327|0x00000000b6b00000, 0x00000000b6c00000, 0x00000000b6c00000|100%| E|CS|TAMS 0x00000000b6b00000, 0x00000000b6b00000| Complete 
| 328|0x00000000b6c00000, 0x00000000b6d00000, 0x00000000b6d00000|100%| E|CS|TAMS 0x00000000b6c00000, 0x00000000b6c00000| Complete 
| 329|0x00000000b6d00000, 0x00000000b6e00000, 0x00000000b6e00000|100%| E|CS|TAMS 0x00000000b6d00000, 0x00000000b6d00000| Complete 
| 330|0x00000000b6e00000, 0x00000000b6f00000, 0x00000000b6f00000|100%| E|CS|TAMS 0x00000000b6e00000, 0x00000000b6e00000| Complete 
| 331|0x00000000b6f00000, 0x00000000b7000000, 0x00000000b7000000|100%| E|CS|TAMS 0x00000000b6f00000, 0x00000000b6f00000| Complete 
| 332|0x00000000b7000000, 0x00000000b7100000, 0x00000000b7100000|100%| E|CS|TAMS 0x00000000b7000000, 0x00000000b7000000| Complete 
| 333|0x00000000b7100000, 0x00000000b7200000, 0x00000000b7200000|100%| E|CS|TAMS 0x00000000b7100000, 0x00000000b7100000| Complete 
| 334|0x00000000b7200000, 0x00000000b7300000, 0x00000000b7300000|100%| E|CS|TAMS 0x00000000b7200000, 0x00000000b7200000| Complete 
| 335|0x00000000b7300000, 0x00000000b7400000, 0x00000000b7400000|100%| E|CS|TAMS 0x00000000b7300000, 0x00000000b7300000| Complete 
| 336|0x00000000b7400000, 0x00000000b7500000, 0x00000000b7500000|100%| E|CS|TAMS 0x00000000b7400000, 0x00000000b7400000| Complete 
| 337|0x00000000b7500000, 0x00000000b7600000, 0x00000000b7600000|100%| E|CS|TAMS 0x00000000b7500000, 0x00000000b7500000| Complete 
| 338|0x00000000b7600000, 0x00000000b7700000, 0x00000000b7700000|100%| E|CS|TAMS 0x00000000b7600000, 0x00000000b7600000| Complete 
| 339|0x00000000b7700000, 0x00000000b7800000, 0x00000000b7800000|100%| E|CS|TAMS 0x00000000b7700000, 0x00000000b7700000| Complete 
| 340|0x00000000b7800000, 0x00000000b7900000, 0x00000000b7900000|100%| E|CS|TAMS 0x00000000b7800000, 0x00000000b7800000| Complete 
| 341|0x00000000b7900000, 0x00000000b7a00000, 0x00000000b7a00000|100%| E|CS|TAMS 0x00000000b7900000, 0x00000000b7900000| Complete 
| 342|0x00000000b7a00000, 0x00000000b7b00000, 0x00000000b7b00000|100%| E|CS|TAMS 0x00000000b7a00000, 0x00000000b7a00000| Complete 
| 343|0x00000000b7b00000, 0x00000000b7c00000, 0x00000000b7c00000|100%| E|CS|TAMS 0x00000000b7b00000, 0x00000000b7b00000| Complete 
| 344|0x00000000b7c00000, 0x00000000b7d00000, 0x00000000b7d00000|100%| E|CS|TAMS 0x00000000b7c00000, 0x00000000b7c00000| Complete 
| 345|0x00000000b7d00000, 0x00000000b7e00000, 0x00000000b7e00000|100%| E|CS|TAMS 0x00000000b7d00000, 0x00000000b7d00000| Complete 
| 346|0x00000000b7e00000, 0x00000000b7f00000, 0x00000000b7f00000|100%| E|CS|TAMS 0x00000000b7e00000, 0x00000000b7e00000| Complete 
| 347|0x00000000b7f00000, 0x00000000b8000000, 0x00000000b8000000|100%| E|CS|TAMS 0x00000000b7f00000, 0x00000000b7f00000| Complete 
| 348|0x00000000b8000000, 0x00000000b8100000, 0x00000000b8100000|100%| E|CS|TAMS 0x00000000b8000000, 0x00000000b8000000| Complete 
| 349|0x00000000b8100000, 0x00000000b8200000, 0x00000000b8200000|100%| E|CS|TAMS 0x00000000b8100000, 0x00000000b8100000| Complete 
| 350|0x00000000b8200000, 0x00000000b8300000, 0x00000000b8300000|100%| E|CS|TAMS 0x00000000b8200000, 0x00000000b8200000| Complete 
| 351|0x00000000b8300000, 0x00000000b8400000, 0x00000000b8400000|100%| E|CS|TAMS 0x00000000b8300000, 0x00000000b8300000| Complete 
| 352|0x00000000b8400000, 0x00000000b8500000, 0x00000000b8500000|100%| E|CS|TAMS 0x00000000b8400000, 0x00000000b8400000| Complete 
| 353|0x00000000b8500000, 0x00000000b8600000, 0x00000000b8600000|100%| E|CS|TAMS 0x00000000b8500000, 0x00000000b8500000| Complete 
| 354|0x00000000b8600000, 0x00000000b8700000, 0x00000000b8700000|100%| E|CS|TAMS 0x00000000b8600000, 0x00000000b8600000| Complete 
| 355|0x00000000b8700000, 0x00000000b8800000, 0x00000000b8800000|100%| E|CS|TAMS 0x00000000b8700000, 0x00000000b8700000| Complete 
| 356|0x00000000b8800000, 0x00000000b8900000, 0x00000000b8900000|100%| E|CS|TAMS 0x00000000b8800000, 0x00000000b8800000| Complete 
| 357|0x00000000b8900000, 0x00000000b8a00000, 0x00000000b8a00000|100%| E|CS|TAMS 0x00000000b8900000, 0x00000000b8900000| Complete 
| 358|0x00000000b8a00000, 0x00000000b8b00000, 0x00000000b8b00000|100%| E|CS|TAMS 0x00000000b8a00000, 0x00000000b8a00000| Complete 
| 359|0x00000000b8b00000, 0x00000000b8c00000, 0x00000000b8c00000|100%| E|CS|TAMS 0x00000000b8b00000, 0x00000000b8b00000| Complete 
| 360|0x00000000b8c00000, 0x00000000b8d00000, 0x00000000b8d00000|100%| E|CS|TAMS 0x00000000b8c00000, 0x00000000b8c00000| Complete 
| 361|0x00000000b8d00000, 0x00000000b8e00000, 0x00000000b8e00000|100%| E|CS|TAMS 0x00000000b8d00000, 0x00000000b8d00000| Complete 
| 362|0x00000000b8e00000, 0x00000000b8f00000, 0x00000000b8f00000|100%| E|CS|TAMS 0x00000000b8e00000, 0x00000000b8e00000| Complete 
| 363|0x00000000b8f00000, 0x00000000b9000000, 0x00000000b9000000|100%| E|CS|TAMS 0x00000000b8f00000, 0x00000000b8f00000| Complete 
| 364|0x00000000b9000000, 0x00000000b9100000, 0x00000000b9100000|100%| E|CS|TAMS 0x00000000b9000000, 0x00000000b9000000| Complete 
| 365|0x00000000b9100000, 0x00000000b9200000, 0x00000000b9200000|100%| E|CS|TAMS 0x00000000b9100000, 0x00000000b9100000| Complete 
| 366|0x00000000b9200000, 0x00000000b9300000, 0x00000000b9300000|100%| E|CS|TAMS 0x00000000b9200000, 0x00000000b9200000| Complete 
| 367|0x00000000b9300000, 0x00000000b9400000, 0x00000000b9400000|100%| E|CS|TAMS 0x00000000b9300000, 0x00000000b9300000| Complete 
| 368|0x00000000b9400000, 0x00000000b9500000, 0x00000000b9500000|100%| E|CS|TAMS 0x00000000b9400000, 0x00000000b9400000| Complete 
| 369|0x00000000b9500000, 0x00000000b9600000, 0x00000000b9600000|100%| E|CS|TAMS 0x00000000b9500000, 0x00000000b9500000| Complete 
| 370|0x00000000b9600000, 0x00000000b9700000, 0x00000000b9700000|100%| E|CS|TAMS 0x00000000b9600000, 0x00000000b9600000| Complete 
| 371|0x00000000b9700000, 0x00000000b9800000, 0x00000000b9800000|100%| E|CS|TAMS 0x00000000b9700000, 0x00000000b9700000| Complete 
| 372|0x00000000b9800000, 0x00000000b9900000, 0x00000000b9900000|100%| E|CS|TAMS 0x00000000b9800000, 0x00000000b9800000| Complete 
| 373|0x00000000b9900000, 0x00000000b9a00000, 0x00000000b9a00000|100%| E|CS|TAMS 0x00000000b9900000, 0x00000000b9900000| Complete 
| 374|0x00000000b9a00000, 0x00000000b9b00000, 0x00000000b9b00000|100%| E|CS|TAMS 0x00000000b9a00000, 0x00000000b9a00000| Complete 
| 375|0x00000000b9b00000, 0x00000000b9c00000, 0x00000000b9c00000|100%| E|CS|TAMS 0x00000000b9b00000, 0x00000000b9b00000| Complete 
| 376|0x00000000b9c00000, 0x00000000b9d00000, 0x00000000b9d00000|100%| E|CS|TAMS 0x00000000b9c00000, 0x00000000b9c00000| Complete 
| 377|0x00000000b9d00000, 0x00000000b9e00000, 0x00000000b9e00000|100%| E|CS|TAMS 0x00000000b9d00000, 0x00000000b9d00000| Complete 
| 378|0x00000000b9e00000, 0x00000000b9f00000, 0x00000000b9f00000|100%| E|CS|TAMS 0x00000000b9e00000, 0x00000000b9e00000| Complete 
| 379|0x00000000b9f00000, 0x00000000ba000000, 0x00000000ba000000|100%| E|CS|TAMS 0x00000000b9f00000, 0x00000000b9f00000| Complete 
| 380|0x00000000ba000000, 0x00000000ba100000, 0x00000000ba100000|100%| E|CS|TAMS 0x00000000ba000000, 0x00000000ba000000| Complete 
| 381|0x00000000ba100000, 0x00000000ba200000, 0x00000000ba200000|100%| E|CS|TAMS 0x00000000ba100000, 0x00000000ba100000| Complete 
| 382|0x00000000ba200000, 0x00000000ba300000, 0x00000000ba300000|100%| E|CS|TAMS 0x00000000ba200000, 0x00000000ba200000| Complete 
| 383|0x00000000ba300000, 0x00000000ba400000, 0x00000000ba400000|100%| E|CS|TAMS 0x00000000ba300000, 0x00000000ba300000| Complete 
| 384|0x00000000ba400000, 0x00000000ba500000, 0x00000000ba500000|100%| E|CS|TAMS 0x00000000ba400000, 0x00000000ba400000| Complete 
| 385|0x00000000ba500000, 0x00000000ba600000, 0x00000000ba600000|100%| E|CS|TAMS 0x00000000ba500000, 0x00000000ba500000| Complete 
| 386|0x00000000ba600000, 0x00000000ba700000, 0x00000000ba700000|100%| E|CS|TAMS 0x00000000ba600000, 0x00000000ba600000| Complete 
| 387|0x00000000ba700000, 0x00000000ba800000, 0x00000000ba800000|100%| E|CS|TAMS 0x00000000ba700000, 0x00000000ba700000| Complete 
| 388|0x00000000ba800000, 0x00000000ba900000, 0x00000000ba900000|100%| E|CS|TAMS 0x00000000ba800000, 0x00000000ba800000| Complete 
| 389|0x00000000ba900000, 0x00000000baa00000, 0x00000000baa00000|100%| E|CS|TAMS 0x00000000ba900000, 0x00000000ba900000| Complete 
| 390|0x00000000baa00000, 0x00000000bab00000, 0x00000000bab00000|100%| E|CS|TAMS 0x00000000baa00000, 0x00000000baa00000| Complete 
| 391|0x00000000bab00000, 0x00000000bac00000, 0x00000000bac00000|100%| E|CS|TAMS 0x00000000bab00000, 0x00000000bab00000| Complete 
| 392|0x00000000bac00000, 0x00000000bad00000, 0x00000000bad00000|100%| E|CS|TAMS 0x00000000bac00000, 0x00000000bac00000| Complete 
| 393|0x00000000bad00000, 0x00000000bae00000, 0x00000000bae00000|100%| E|CS|TAMS 0x00000000bad00000, 0x00000000bad00000| Complete 
| 394|0x00000000bae00000, 0x00000000baf00000, 0x00000000baf00000|100%| E|CS|TAMS 0x00000000bae00000, 0x00000000bae00000| Complete 
| 395|0x00000000baf00000, 0x00000000bafc1540, 0x00000000bb000000| 75%| S|CS|TAMS 0x00000000baf00000, 0x00000000baf00000| Complete 
| 396|0x00000000bb000000, 0x00000000bb100000, 0x00000000bb100000|100%| S|CS|TAMS 0x00000000bb000000, 0x00000000bb000000| Complete 
| 397|0x00000000bb100000, 0x00000000bb200000, 0x00000000bb200000|100%| E|CS|TAMS 0x00000000bb100000, 0x00000000bb100000| Complete 
| 398|0x00000000bb200000, 0x00000000bb300000, 0x00000000bb300000|100%| E|CS|TAMS 0x00000000bb200000, 0x00000000bb200000| Complete 
| 399|0x00000000bb300000, 0x00000000bb400000, 0x00000000bb400000|100%| E|CS|TAMS 0x00000000bb300000, 0x00000000bb300000| Complete 
| 400|0x00000000bb400000, 0x00000000bb500000, 0x00000000bb500000|100%| E|CS|TAMS 0x00000000bb400000, 0x00000000bb400000| Complete 
| 401|0x00000000bb500000, 0x00000000bb600000, 0x00000000bb600000|100%| E|CS|TAMS 0x00000000bb500000, 0x00000000bb500000| Complete 
| 402|0x00000000bb600000, 0x00000000bb700000, 0x00000000bb700000|100%| E|CS|TAMS 0x00000000bb600000, 0x00000000bb600000| Complete 
| 403|0x00000000bb700000, 0x00000000bb800000, 0x00000000bb800000|100%| E|CS|TAMS 0x00000000bb700000, 0x00000000bb700000| Complete 
| 404|0x00000000bb800000, 0x00000000bb900000, 0x00000000bb900000|100%| E|CS|TAMS 0x00000000bb800000, 0x00000000bb800000| Complete 

Card table byte_map: [0x000001ebdbde0000,0x000001ebdc0d0000] _byte_map_base: 0x000001ebdb8ce000

Marking Bits (Prev, Next): (CMBitMap*) 0x000001ebc4d308f0, (CMBitMap*) 0x000001ebc4d308b0
 Prev Bits: [0x000001ebddb30000, 0x000001ebdf2a0000)
 Next Bits: [0x000001ebdc3c0000, 0x000001ebddb30000)

Polling page: 0x000001ebc2be0000

Metaspace:

Usage:
  Non-class:     76.94 MB used.
      Class:     12.20 MB used.
       Both:     89.15 MB used.

Virtual space:
  Non-class space:      128.00 MB reserved,      77.31 MB ( 60%) committed,  2 nodes.
      Class space:        1.00 GB reserved,      12.50 MB (  1%) committed,  1 nodes.
             Both:        1.12 GB reserved,      89.81 MB (  8%) committed. 

Chunk freelists:
   Non-Class:  2.22 MB
       Class:  3.47 MB
        Both:  5.69 MB

MaxMetaspaceSize: unlimited
CompressedClassSpaceSize: 1.00 GB
Initial GC threshold: 21.00 MB
Current GC threshold: 125.44 MB
CDS: on
MetaspaceReclaimPolicy: balanced
 - commit_granule_bytes: 65536.
 - commit_granule_words: 8192.
 - virtual_space_node_default_size: 8388608.
 - enlarge_chunks_in_place: 1.
 - new_chunks_are_fully_committed: 0.
 - uncommit_free_chunks: 1.
 - use_allocation_guard: 0.
 - handle_deallocations: 1.


Internal statistics:

num_allocs_failed_limit: 6.
num_arena_births: 974.
num_arena_deaths: 2.
num_vsnodes_births: 3.
num_vsnodes_deaths: 0.
num_space_committed: 1435.
num_space_uncommitted: 0.
num_chunks_returned_to_freelist: 9.
num_chunks_taken_from_freelist: 4298.
num_chunk_merges: 6.
num_chunk_splits: 3109.
num_chunks_enlarged: 2429.
num_inconsistent_stats: 0.

CodeHeap 'non-profiled nmethods': size=120000Kb used=4950Kb max_used=5878Kb free=115049Kb
 bounds [0x000001ebd4070000, 0x000001ebd4630000, 0x000001ebdb5a0000]
CodeHeap 'profiled nmethods': size=120000Kb used=14305Kb max_used=15065Kb free=105694Kb
 bounds [0x000001ebcc5a0000, 0x000001ebcd460000, 0x000001ebd3ad0000]
CodeHeap 'non-nmethods': size=5760Kb used=1381Kb max_used=1459Kb free=4378Kb
 bounds [0x000001ebd3ad0000, 0x000001ebd3d40000, 0x000001ebd4070000]
 total_blobs=8473 nmethods=7750 adapters=631
 compilation: enabled
              stopped_count=0, restarted_count=0
 full_count=0

Compilation events (20 events):
Event: 1388.651 Thread 0x000001ebe1edc5f0 9180       3       sun.security.ssl.SSLConfiguration::getEnabledExtensions (79 bytes)
Event: 1388.678 Thread 0x000001ebe1edc5f0 nmethod 9180 0x000001ebcd30d910 code [0x000001ebcd30db60, 0x000001ebcd30e918]
Event: 1388.681 Thread 0x000001ebe1edc5f0 9181       3       sun.security.provider.SHA5::<init> (27 bytes)
Event: 1388.684 Thread 0x000001ebe1edc5f0 nmethod 9181 0x000001ebccbe6d90 code [0x000001ebccbe6f60, 0x000001ebccbe7488]
Event: 1388.684 Thread 0x000001ebe1edc5f0 9182       3       sun.security.provider.SHA5$SHA384::<init> (12 bytes)
Event: 1388.686 Thread 0x000001ebe1edc5f0 nmethod 9182 0x000001ebcd1dd510 code [0x000001ebcd1dd6e0, 0x000001ebcd1ddc88]
Event: 1388.686 Thread 0x000001ebe1edc5f0 9183   !   3       javax.crypto.Mac::init (98 bytes)
Event: 1388.698 Thread 0x000001ebe1edc5f0 nmethod 9183 0x000001ebccbe6690 code [0x000001ebccbe6860, 0x000001ebccbe6c08]
Event: 1388.698 Thread 0x000001ebe1edc5f0 9184   !   3       sun.security.jca.GetInstance::getInstance (130 bytes)
Event: 1388.717 Thread 0x000001ebe1edc5f0 nmethod 9184 0x000001ebcc804b90 code [0x000001ebcc804ec0, 0x000001ebcc806058]
Event: 1388.717 Thread 0x000001ebe1edc5f0 9186       1       com.mysql.cj.protocol.a.NativeCapabilities::getServerVersion (5 bytes)
Event: 1388.717 Thread 0x000001ebe1edc5f0 nmethod 9186 0x000001ebd4374b90 code [0x000001ebd4374d20, 0x000001ebd4374df8]
Event: 1388.723 Thread 0x000001ebe1edc5f0 9187       3       com.mysql.cj.protocol.a.TimeTrackingPacketSender::send (28 bytes)
Event: 1388.727 Thread 0x000001ebe1edc5f0 nmethod 9187 0x000001ebcd1dce90 code [0x000001ebcd1dd040, 0x000001ebcd1dd248]
Event: 1388.801 Thread 0x000001ebe1edc5f0 9188       3       com.mysql.cj.protocol.a.MysqlTextValueDecoder::getLong (324 bytes)
Event: 1388.811 Thread 0x000001ebe1edc5f0 nmethod 9188 0x000001ebcc908e90 code [0x000001ebcc9091e0, 0x000001ebcc90a9f8]
Event: 1388.811 Thread 0x000001ebe1edc5f0 9189   !   3       com.mysql.cj.protocol.a.NativeProtocol::sendCommand (456 bytes)
Event: 1388.867 Thread 0x000001ebe1edc5f0 nmethod 9189 0x000001ebcc877a10 code [0x000001ebcc877e60, 0x000001ebcc87a7a8]
Event: 1388.867 Thread 0x000001ebe1edc5f0 9190       3       com.mysql.cj.protocol.a.MultiPacketReader::resetMessageSequence (10 bytes)
Event: 1388.868 Thread 0x000001ebe1edc5f0 nmethod 9190 0x000001ebccc1d410 code [0x000001ebccc1d5c0, 0x000001ebccc1d788]

GC Heap History (20 events):
Event: 17.301 GC heap before
{Heap before GC invocations=38 (full 0):
 garbage-first heap   total 103424K, used 52873K [0x00000000a2400000, 0x0000000100000000)
  region size 1024K, 5 young (5120K), 3 survivors (3072K)
 Metaspace       used 75500K, committed 76096K, reserved 1179648K
  class space    used 10578K, committed 10880K, reserved 1048576K
}
Event: 17.304 GC heap after
{Heap after GC invocations=39 (full 0):
 garbage-first heap   total 103424K, used 42735K [0x00000000a2400000, 0x0000000100000000)
  region size 1024K, 1 young (1024K), 1 survivors (1024K)
 Metaspace       used 75500K, committed 76096K, reserved 1179648K
  class space    used 10578K, committed 10880K, reserved 1048576K
}
Event: 17.403 GC heap before
{Heap before GC invocations=39 (full 0):
 garbage-first heap   total 103424K, used 74479K [0x00000000a2400000, 0x0000000100000000)
  region size 1024K, 32 young (32768K), 1 survivors (1024K)
 Metaspace       used 75575K, committed 76160K, reserved 1179648K
  class space    used 10599K, committed 10880K, reserved 1048576K
}
Event: 17.408 GC heap after
{Heap after GC invocations=40 (full 0):
 garbage-first heap   total 103424K, used 49819K [0x00000000a2400000, 0x0000000100000000)
  region size 1024K, 4 young (4096K), 4 survivors (4096K)
 Metaspace       used 75575K, committed 76160K, reserved 1179648K
  class space    used 10599K, committed 10880K, reserved 1048576K
}
Event: 17.489 GC heap before
{Heap before GC invocations=40 (full 0):
 garbage-first heap   total 103424K, used 75419K [0x00000000a2400000, 0x0000000100000000)
  region size 1024K, 29 young (29696K), 4 survivors (4096K)
 Metaspace       used 75577K, committed 76160K, reserved 1179648K
  class space    used 10599K, committed 10880K, reserved 1048576K
}
Event: 17.498 GC heap after
{Heap after GC invocations=41 (full 0):
 garbage-first heap   total 103424K, used 59369K [0x00000000a2400000, 0x0000000100000000)
  region size 1024K, 4 young (4096K), 4 survivors (4096K)
 Metaspace       used 75577K, committed 76160K, reserved 1179648K
  class space    used 10599K, committed 10880K, reserved 1048576K
}
Event: 17.510 GC heap before
{Heap before GC invocations=41 (full 0):
 garbage-first heap   total 103424K, used 61417K [0x00000000a2400000, 0x0000000100000000)
  region size 1024K, 7 young (7168K), 4 survivors (4096K)
 Metaspace       used 75577K, committed 76160K, reserved 1179648K
  class space    used 10599K, committed 10880K, reserved 1048576K
}
Event: 17.516 GC heap after
{Heap after GC invocations=42 (full 0):
 garbage-first heap   total 206848K, used 61321K [0x00000000a2400000, 0x0000000100000000)
  region size 1024K, 2 young (2048K), 2 survivors (2048K)
 Metaspace       used 75577K, committed 76160K, reserved 1179648K
  class space    used 10599K, committed 10880K, reserved 1048576K
}
Event: 17.796 GC heap before
{Heap before GC invocations=42 (full 0):
 garbage-first heap   total 206848K, used 135049K [0x00000000a2400000, 0x0000000100000000)
  region size 1024K, 73 young (74752K), 2 survivors (2048K)
 Metaspace       used 75581K, committed 76160K, reserved 1179648K
  class space    used 10599K, committed 10880K, reserved 1048576K
}
Event: 17.811 GC heap after
{Heap after GC invocations=43 (full 0):
 garbage-first heap   total 206848K, used 73827K [0x00000000a2400000, 0x0000000100000000)
  region size 1024K, 10 young (10240K), 10 survivors (10240K)
 Metaspace       used 75581K, committed 76160K, reserved 1179648K
  class space    used 10599K, committed 10880K, reserved 1048576K
}
Event: 17.974 GC heap before
{Heap before GC invocations=43 (full 0):
 garbage-first heap   total 206848K, used 145507K [0x00000000a2400000, 0x0000000100000000)
  region size 1024K, 79 young (80896K), 10 survivors (10240K)
 Metaspace       used 75581K, committed 76160K, reserved 1179648K
  class space    used 10599K, committed 10880K, reserved 1048576K
}
Event: 17.995 GC heap after
{Heap after GC invocations=44 (full 0):
 garbage-first heap   total 206848K, used 98940K [0x00000000a2400000, 0x0000000100000000)
  region size 1024K, 10 young (10240K), 10 survivors (10240K)
 Metaspace       used 75581K, committed 76160K, reserved 1179648K
  class space    used 10599K, committed 10880K, reserved 1048576K
}
Event: 18.239 GC heap before
{Heap before GC invocations=44 (full 0):
 garbage-first heap   total 206848K, used 149116K [0x00000000a2400000, 0x0000000100000000)
  region size 1024K, 57 young (58368K), 10 survivors (10240K)
 Metaspace       used 75821K, committed 76416K, reserved 1179648K
  class space    used 10626K, committed 10880K, reserved 1048576K
}
Event: 18.253 GC heap after
{Heap after GC invocations=45 (full 0):
 garbage-first heap   total 206848K, used 113011K [0x00000000a2400000, 0x0000000100000000)
  region size 1024K, 8 young (8192K), 8 survivors (8192K)
 Metaspace       used 75821K, committed 76416K, reserved 1179648K
  class space    used 10626K, committed 10880K, reserved 1048576K
}
Event: 18.538 GC heap before
{Heap before GC invocations=45 (full 0):
 garbage-first heap   total 206848K, used 152947K [0x00000000a2400000, 0x0000000100000000)
  region size 1024K, 47 young (48128K), 8 survivors (8192K)
 Metaspace       used 76459K, committed 77056K, reserved 1179648K
  class space    used 10694K, committed 11008K, reserved 1048576K
}
Event: 18.561 GC heap after
{Heap after GC invocations=46 (full 0):
 garbage-first heap   total 414720K, used 120338K [0x00000000a2400000, 0x0000000100000000)
  region size 1024K, 6 young (6144K), 6 survivors (6144K)
 Metaspace       used 76459K, committed 77056K, reserved 1179648K
  class space    used 10694K, committed 11008K, reserved 1048576K
}
Event: 22.192 GC heap before
{Heap before GC invocations=47 (full 0):
 garbage-first heap   total 414720K, used 255506K [0x00000000a2400000, 0x0000000100000000)
  region size 1024K, 144 young (147456K), 6 survivors (6144K)
 Metaspace       used 90495K, committed 91136K, reserved 1179648K
  class space    used 12412K, committed 12736K, reserved 1048576K
}
Event: 22.206 GC heap after
{Heap after GC invocations=48 (full 0):
 garbage-first heap   total 414720K, used 119827K [0x00000000a2400000, 0x0000000100000000)
  region size 1024K, 12 young (12288K), 12 survivors (12288K)
 Metaspace       used 90495K, committed 91136K, reserved 1179648K
  class space    used 12412K, committed 12736K, reserved 1048576K
}
Event: 67.741 GC heap before
{Heap before GC invocations=48 (full 0):
 garbage-first heap   total 414720K, used 128019K [0x00000000a2400000, 0x0000000100000000)
  region size 1024K, 20 young (20480K), 12 survivors (12288K)
 Metaspace       used 90932K, committed 91584K, reserved 1179648K
  class space    used 12471K, committed 12736K, reserved 1048576K
}
Event: 67.754 GC heap after
{Heap after GC invocations=49 (full 0):
 garbage-first heap   total 414720K, used 115049K [0x00000000a2400000, 0x0000000100000000)
  region size 1024K, 2 young (2048K), 2 survivors (2048K)
 Metaspace       used 90932K, committed 91584K, reserved 1179648K
  class space    used 12471K, committed 12736K, reserved 1048576K
}

Deoptimization events (20 events):
Event: 22.190 Thread 0x000001ebe61c6d60 Uncommon trap: trap_request=0xffffff45 fr.pc=0x000001ebd414cfb0 relative=0x00000000000001b0
Event: 22.190 Thread 0x000001ebe61c6d60 Uncommon trap: reason=unstable_if action=reinterpret pc=0x000001ebd414cfb0 method=java.lang.StringLatin1.indexOf([B[B)I @ 9 c2
Event: 22.190 Thread 0x000001ebe61c6d60 DEOPT PACKING pc=0x000001ebd414cfb0 sp=0x0000004dc31ff020
Event: 22.190 Thread 0x000001ebe61c6d60 DEOPT UNPACKING pc=0x000001ebd3b223a3 sp=0x0000004dc31fefb0 mode 2
Event: 22.260 Thread 0x000001ebe61c95e0 DEOPT PACKING pc=0x000001ebcc994546 sp=0x0000004dc2bfe420
Event: 22.260 Thread 0x000001ebe61c95e0 DEOPT UNPACKING pc=0x000001ebd3b22b43 sp=0x0000004dc2bfd8f8 mode 0
Event: 22.272 Thread 0x000001ebe61c95e0 Uncommon trap: trap_request=0xffffffde fr.pc=0x000001ebd4628840 relative=0x0000000000000280
Event: 22.272 Thread 0x000001ebe61c95e0 Uncommon trap: reason=class_check action=maybe_recompile pc=0x000001ebd4628840 method=org.springframework.core.ResolvableType.resolveType()Lorg/springframework/core/ResolvableType; @ 44 c2
Event: 22.272 Thread 0x000001ebe61c95e0 DEOPT PACKING pc=0x000001ebd4628840 sp=0x0000004dc2bfe080
Event: 22.272 Thread 0x000001ebe61c95e0 DEOPT UNPACKING pc=0x000001ebd3b223a3 sp=0x0000004dc2bfe018 mode 2
Event: 22.272 Thread 0x000001ebe61c95e0 Uncommon trap: trap_request=0xffffffde fr.pc=0x000001ebd462cee0 relative=0x00000000000006c0
Event: 22.272 Thread 0x000001ebe61c95e0 Uncommon trap: reason=class_check action=maybe_recompile pc=0x000001ebd462cee0 method=org.springframework.core.ResolvableType.resolveType()Lorg/springframework/core/ResolvableType; @ 44 c2
Event: 22.272 Thread 0x000001ebe61c95e0 DEOPT PACKING pc=0x000001ebd462cee0 sp=0x0000004dc2bfe1d0
Event: 22.272 Thread 0x000001ebe61c95e0 DEOPT UNPACKING pc=0x000001ebd3b223a3 sp=0x0000004dc2bfe0f8 mode 2
Event: 22.272 Thread 0x000001ebe61c95e0 Uncommon trap: trap_request=0xffffffde fr.pc=0x000001ebd4628840 relative=0x0000000000000280
Event: 22.272 Thread 0x000001ebe61c95e0 Uncommon trap: reason=class_check action=maybe_recompile pc=0x000001ebd4628840 method=org.springframework.core.ResolvableType.resolveType()Lorg/springframework/core/ResolvableType; @ 44 c2
Event: 22.272 Thread 0x000001ebe61c95e0 DEOPT PACKING pc=0x000001ebd4628840 sp=0x0000004dc2bfe150
Event: 22.272 Thread 0x000001ebe61c95e0 DEOPT UNPACKING pc=0x000001ebd3b223a3 sp=0x0000004dc2bfe0f0 mode 2
Event: 265.347 Thread 0x000001ebe7162060 DEOPT PACKING pc=0x000001ebcc7e78e4 sp=0x0000004dc3ffefa0
Event: 265.350 Thread 0x000001ebe7162060 DEOPT UNPACKING pc=0x000001ebd3b22b43 sp=0x0000004dc3ffe438 mode 0

Classes unloaded (1 events):
Event: 18.690 Thread 0x000001ebe1eac260 Unloading class 0x000001eb81a88800 'jdk/internal/reflect/GeneratedSerializationConstructorAccessor1'

Classes redefined (0 events):
No events

Internal exceptions (20 events):
Event: 18.872 Thread 0x000001ebe61c95e0 Exception <a 'java/io/FileNotFoundException'{0x00000000b9951f18}> (0x00000000b9951f18) 
thrown [s\open\src\hotspot\share\prims\jni.cpp, line 516]
Event: 18.873 Thread 0x000001ebe61c95e0 Exception <a 'java/io/FileNotFoundException'{0x00000000b995d710}> (0x00000000b995d710) 
thrown [s\open\src\hotspot\share\prims\jni.cpp, line 516]
Event: 18.874 Thread 0x000001ebe61c95e0 Exception <a 'java/io/FileNotFoundException'{0x00000000b99690c0}> (0x00000000b99690c0) 
thrown [s\open\src\hotspot\share\prims\jni.cpp, line 516]
Event: 18.875 Thread 0x000001ebe61c95e0 Exception <a 'java/io/FileNotFoundException'{0x00000000b9974a18}> (0x00000000b9974a18) 
thrown [s\open\src\hotspot\share\prims\jni.cpp, line 516]
Event: 19.157 Thread 0x000001ebe61c95e0 Exception <a 'java/lang/NoSuchMethodError'{0x00000000b929a908}: 'java.lang.Object java.lang.invoke.DirectMethodHandle$Holder.invokeSpecialIFC(java.lang.Object, java.lang.Object)'> (0x00000000b929a908) 
thrown [s\open\src\hotspot\share\interpreter\linkResolver.cpp, line 759]
Event: 19.697 Thread 0x000001ebe61c95e0 Exception <a 'java/lang/IncompatibleClassChangeError'{0x00000000b8383938}: Found class java.lang.Object, but interface was expected> (0x00000000b8383938) 
thrown [s\open\src\hotspot\share\interpreter\linkResolver.cpp, line 826]
Event: 20.060 Thread 0x000001ebe61c95e0 Exception <a 'java/lang/IncompatibleClassChangeError'{0x00000000b760b168}: Found class java.lang.Object, but interface was expected> (0x00000000b760b168) 
thrown [s\open\src\hotspot\share\interpreter\linkResolver.cpp, line 826]
Event: 20.256 Thread 0x000001ebe61c95e0 Exception <a 'java/lang/NoSuchMethodError'{0x00000000b7025128}: 'float java.lang.invoke.DirectMethodHandle$Holder.invokeStatic(java.lang.Object, java.lang.Object)'> (0x00000000b7025128) 
thrown [s\open\src\hotspot\share\interpreter\linkResolver.cpp, line 759]
Event: 20.256 Thread 0x000001ebe61c95e0 Exception <a 'java/lang/NoSuchMethodError'{0x00000000b702b940}: 'double java.lang.invoke.DirectMethodHandle$Holder.invokeStatic(java.lang.Object, java.lang.Object)'> (0x00000000b702b940) 
thrown [s\open\src\hotspot\share\interpreter\linkResolver.cpp, line 759]
Event: 21.286 Thread 0x000001ebe61c95e0 Exception <a 'java/lang/IncompatibleClassChangeError'{0x00000000b4eebd50}: Found class java.lang.Object, but interface was expected> (0x00000000b4eebd50) 
thrown [s\open\src\hotspot\share\interpreter\linkResolver.cpp, line 826]
Event: 21.515 Thread 0x000001ebe61c95e0 Exception <a 'java/lang/NoSuchMethodError'{0x00000000b46208d0}: 'java.lang.Object java.lang.invoke.DirectMethodHandle$Holder.invokeInterface(java.lang.Object, java.lang.Object, java.lang.Object, java.lang.Object)'> (0x00000000b46208d0) 
thrown [s\open\src\hotspot\share\interpreter\linkResolver.cpp, line 759]
Event: 21.833 Thread 0x000001ebe61c95e0 Exception <a 'java/lang/IncompatibleClassChangeError'{0x00000000b3c94428}: Found class java.lang.Object, but interface was expected> (0x00000000b3c94428) 
thrown [s\open\src\hotspot\share\interpreter\linkResolver.cpp, line 826]
Event: 21.849 Thread 0x000001ebe61c95e0 Implicit null exception at 0x000001ebd44ee913 to 0x000001ebd44ee9f4
Event: 21.899 Thread 0x000001ebe61c95e0 Exception <a 'java/lang/NoSuchMethodError'{0x00000000b3ab3100}: 'java.lang.Object java.lang.invoke.DirectMethodHandle$Holder.invokeSpecial(java.lang.Object, java.lang.Object, java.lang.Object, java.lang.Object, java.lang.Object, java.lang.Object, java.lang.Object, java.lang.Object, java.lang.Object, java.lang.Object, java.lang.Object)'> (0x00000000b3ab3100) 
thrown [s\open\src\hotspot\share\interpreter\linkResolver.cpp, line 759]
Event: 21.899 Thread 0x000001ebe61c95e0 Exception <a 'java/lang/NoSuchMethodError'{0x00000000b3ab74e8}: 'java.lang.Object java.lang.invoke.Invokers$Holder.invoke_MT(java.lang.Object, java.lang.Object, java.lang.Object, java.lang.Object, java.lang.Object, java.lang.Object, java.lang.Object, java.lang.Object, java.lang.Object, java.lang.Object, java.lang.Object)'> (0x00000000b3ab74e8) 
thrown [s\open\src\hotspot\share\interpreter\linkResolver.cpp, line 759]
Event: 22.160 Thread 0x000001ebe61c95e0 Exception <a 'java/lang/NoSuchMethodError'{0x00000000b32c62d8}: 'java.lang.Object java.lang.invoke.DirectMethodHandle$Holder.newInvokeSpecial(java.lang.Object, java.lang.Object, int, java.lang.Object, java.lang.Object)'> (0x00000000b32c62d8) 
thrown [s\open\src\hotspot\share\interpreter\linkResolver.cpp, line 759]
Event: 82.172 Thread 0x000001ebe7dcc310 Exception <a 'java/lang/NoSuchMethodError'{0x00000000bb33fd68}: 'java.lang.Object java.lang.invoke.DirectMethodHandle$Holder.invokeSpecial(java.lang.Object, java.lang.Object, long, int, int, int, int, int, int, int, int, int)'> (0x00000000bb33fd68) 
thrown [s\open\src\hotspot\share\interpreter\linkResolver.cpp, line 759]
Event: 82.172 Thread 0x000001ebe7dcc310 Exception <a 'java/lang/NoSuchMethodError'{0x00000000bb3439b8}: 'java.lang.Object java.lang.invoke.DelegatingMethodHandle$Holder.reinvoke_L(java.lang.Object, long, int, int, int, int, int, int, int, int, int)'> (0x00000000bb3439b8) 
thrown [s\open\src\hotspot\share\interpreter\linkResolver.cpp, line 759]
Event: 1387.944 Thread 0x000001ebe7dcf5b0 Exception <a 'java/io/IOException'{0x00000000b0683888}> (0x00000000b0683888) 
thrown [s\open\src\hotspot\share\prims\jni.cpp, line 516]
Event: 1387.958 Thread 0x000001ebe7dcf5b0 Exception <a 'java/io/IOException'{0x00000000b0684448}> (0x00000000b0684448) 
thrown [s\open\src\hotspot\share\prims\jni.cpp, line 516]

VM Operations (20 events):
Event: 868.675 Executing VM operation: Cleanup
Event: 868.676 Executing VM operation: Cleanup done
Event: 1023.040 Executing VM operation: Cleanup
Event: 1023.042 Executing VM operation: Cleanup done
Event: 1079.502 Executing VM operation: Cleanup
Event: 1079.506 Executing VM operation: Cleanup done
Event: 1127.958 Executing VM operation: Cleanup
Event: 1127.959 Executing VM operation: Cleanup done
Event: 1191.489 Executing VM operation: Cleanup
Event: 1191.489 Executing VM operation: Cleanup done
Event: 1211.655 Executing VM operation: Cleanup
Event: 1211.655 Executing VM operation: Cleanup done
Event: 1311.574 Executing VM operation: Cleanup
Event: 1311.610 Executing VM operation: Cleanup done
Event: 1329.795 Executing VM operation: Cleanup
Event: 1329.832 Executing VM operation: Cleanup done
Event: 1388.411 Executing VM operation: Cleanup
Event: 1388.417 Executing VM operation: Cleanup done
Event: 1389.423 Executing VM operation: Cleanup
Event: 1389.423 Executing VM operation: Cleanup done

Events (20 events):
Event: 62.274 Thread 0x000001ebe7dc9a90 Thread added: 0x000001ebe7dc9a90
Event: 72.277 Thread 0x000001ebe7dc9fa0 Thread added: 0x000001ebe7dc9fa0
Event: 82.176 Thread 0x000001ebe941c9f0 Thread added: 0x000001ebe941c9f0
Event: 82.176 Thread 0x000001ebe941cf40 Thread added: 0x000001ebe941cf40
Event: 82.193 Thread 0x000001ebe7dceb90 Thread added: 0x000001ebe7dceb90
Event: 82.269 Thread 0x000001ebe7dcf0a0 Thread added: 0x000001ebe7dcf0a0
Event: 83.250 Thread 0x000001ebe941cf40 Thread exited: 0x000001ebe941cf40
Event: 84.002 Thread 0x000001ebe941c9f0 Thread exited: 0x000001ebe941c9f0
Event: 92.267 Thread 0x000001ebe7dd04e0 Thread added: 0x000001ebe7dd04e0
Event: 102.270 Thread 0x000001ebe7dcd750 Thread added: 0x000001ebe7dcd750
Event: 1387.330 Thread 0x000001ebe7dcf5b0 Thread added: 0x000001ebe7dcf5b0
Event: 1387.459 loading class sun/security/ssl/Alert
Event: 1387.766 loading class sun/security/ssl/Alert done
Event: 1387.816 loading class sun/security/ssl/Alert$AlertConsumer
Event: 1387.907 loading class sun/security/ssl/Alert$AlertConsumer done
Event: 1387.909 loading class sun/security/ssl/Alert$Level
Event: 1387.925 loading class sun/security/ssl/Alert$Level done
Event: 1387.962 loading class sun/net/ConnectionResetException
Event: 1387.978 loading class sun/net/ConnectionResetException done
Event: 1388.090 Thread 0x000001ebe7dcdc60 Thread added: 0x000001ebe7dcdc60


Dynamic libraries:
0x00007ff7d4ba0000 - 0x00007ff7d4bb0000 	C:\Program Files\Java\jdk-17\bin\java.exe
0x00007fff30920000 - 0x00007fff30b88000 	C:\WINDOWS\SYSTEM32\ntdll.dll
0x00007fff2e6c0000 - 0x00007fff2e789000 	C:\WINDOWS\System32\KERNEL32.DLL
0x00007fff2dea0000 - 0x00007fff2e298000 	C:\WINDOWS\System32\KERNELBASE.dll
0x00007fff2dc10000 - 0x00007fff2dd5b000 	C:\WINDOWS\System32\ucrtbase.dll
0x00007fff294b0000 - 0x00007fff294c9000 	C:\Program Files\Java\jdk-17\bin\jli.dll
0x00007fff1a860000 - 0x00007fff1a87b000 	C:\Program Files\Java\jdk-17\bin\VCRUNTIME140.dll
0x00007fff306d0000 - 0x00007fff30784000 	C:\WINDOWS\System32\ADVAPI32.dll
0x00007fff2fc60000 - 0x00007fff2fd09000 	C:\WINDOWS\System32\msvcrt.dll
0x00007fff30130000 - 0x00007fff301d6000 	C:\WINDOWS\System32\sechost.dll
0x00007fff2fb40000 - 0x00007fff2fc58000 	C:\WINDOWS\System32\RPCRT4.dll
0x00007fff30320000 - 0x00007fff304e7000 	C:\WINDOWS\System32\USER32.dll
0x00007fff2cb80000 - 0x00007fff2ce14000 	C:\WINDOWS\WinSxS\amd64_microsoft.windows.common-controls_6595b64144ccf1df_6.0.26100.7019_none_3e06ffa0e335b8a8\COMCTL32.dll
0x00007fff2dbe0000 - 0x00007fff2dc07000 	C:\WINDOWS\System32\win32u.dll
0x00007fff302f0000 - 0x00007fff3031b000 	C:\WINDOWS\System32\GDI32.dll
0x00007fff2e590000 - 0x00007fff2e6bc000 	C:\WINDOWS\System32\gdi32full.dll
0x00007fff2ddf0000 - 0x00007fff2de93000 	C:\WINDOWS\System32\msvcp_win.dll
0x00007fff245b0000 - 0x00007fff245bb000 	C:\WINDOWS\SYSTEM32\VERSION.dll
0x00007fff2fed0000 - 0x00007fff2ff01000 	C:\WINDOWS\System32\IMM32.DLL
0x00007fff27f10000 - 0x00007fff27f1c000 	C:\Program Files\Java\jdk-17\bin\vcruntime140_1.dll
0x00007fff0ea60000 - 0x00007fff0eaee000 	C:\Program Files\Java\jdk-17\bin\msvcp140.dll
0x00007ffeada30000 - 0x00007ffeae611000 	C:\Program Files\Java\jdk-17\bin\server\jvm.dll
0x00007fff302e0000 - 0x00007fff302e8000 	C:\WINDOWS\System32\PSAPI.DLL
0x00007fff24570000 - 0x00007fff245a5000 	C:\WINDOWS\SYSTEM32\WINMM.dll
0x00007ffefd060000 - 0x00007ffefd06a000 	C:\WINDOWS\SYSTEM32\WSOCK32.dll
0x00007fff2e810000 - 0x00007fff2e884000 	C:\WINDOWS\System32\WS2_32.dll
0x00007fff2bf00000 - 0x00007fff2bf1b000 	C:\WINDOWS\SYSTEM32\kernel.appcore.dll
0x00007fff27cc0000 - 0x00007fff27cca000 	C:\Program Files\Java\jdk-17\bin\jimage.dll
0x00007fff2d230000 - 0x00007fff2d472000 	C:\WINDOWS\SYSTEM32\DBGHELP.DLL
0x00007fff2f050000 - 0x00007fff2f3db000 	C:\WINDOWS\System32\combase.dll
0x00007fff2ff50000 - 0x00007fff30027000 	C:\WINDOWS\System32\OLEAUT32.dll
0x00007fff2d120000 - 0x00007fff2d15c000 	C:\WINDOWS\SYSTEM32\dbgcore.DLL
0x00007fff2e2a0000 - 0x00007fff2e345000 	C:\WINDOWS\System32\bcryptPrimitives.dll
0x00007fff26440000 - 0x00007fff2644e000 	C:\Program Files\Java\jdk-17\bin\instrument.dll
0x00007fff125f0000 - 0x00007fff12615000 	C:\Program Files\Java\jdk-17\bin\java.dll
0x00007ffecddd0000 - 0x00007ffecdea7000 	C:\Program Files\Java\jdk-17\bin\jsvml.dll
0x00007fff2f3e0000 - 0x00007fff2fb31000 	C:\WINDOWS\System32\SHELL32.dll
0x00007fff2da70000 - 0x00007fff2dbdb000 	C:\WINDOWS\System32\wintypes.dll
0x00007fff2ac00000 - 0x00007fff2b45d000 	C:\WINDOWS\SYSTEM32\windows.storage.dll
0x00007fff2e890000 - 0x00007fff2e982000 	C:\WINDOWS\System32\SHCORE.dll
0x00007fff30790000 - 0x00007fff307f7000 	C:\WINDOWS\System32\shlwapi.dll
0x00007fff2d990000 - 0x00007fff2d9b9000 	C:\WINDOWS\SYSTEM32\profapi.dll
0x00007fff0ea40000 - 0x00007fff0ea58000 	C:\Program Files\Java\jdk-17\bin\zip.dll
0x00007fff19690000 - 0x00007fff196a9000 	C:\Program Files\Java\jdk-17\bin\net.dll
0x00007fff273d0000 - 0x00007fff274f8000 	C:\WINDOWS\SYSTEM32\WINHTTP.dll
0x00007fff2c4c0000 - 0x00007fff2c52b000 	C:\WINDOWS\system32\mswsock.dll
0x00007fff0ec40000 - 0x00007fff0ec56000 	C:\Program Files\Java\jdk-17\bin\nio.dll
0x00007fff1a890000 - 0x00007fff1a89a000 	C:\Program Files\Java\jdk-17\bin\management.dll
0x00007fff0ea30000 - 0x00007fff0ea3b000 	C:\Program Files\Java\jdk-17\bin\management_ext.dll
0x00007fff1e4e0000 - 0x00007fff1e4ee000 	C:\Program Files\Java\jdk-17\bin\sunmscapi.dll
0x00007fff2e410000 - 0x00007fff2e587000 	C:\WINDOWS\System32\CRYPT32.dll
0x00007fff2cb40000 - 0x00007fff2cb70000 	C:\WINDOWS\SYSTEM32\ncrypt.dll
0x00007fff2caf0000 - 0x00007fff2cb2f000 	C:\WINDOWS\SYSTEM32\NTASN1.dll
0x00007fff2d5a0000 - 0x00007fff2d5bb000 	C:\WINDOWS\SYSTEM32\CRYPTSP.dll
0x00007fff2c020000 - 0x00007fff2c05a000 	C:\WINDOWS\system32\rsaenh.dll
0x00007fff2c570000 - 0x00007fff2c59b000 	C:\WINDOWS\SYSTEM32\USERENV.dll
0x00007fff2d960000 - 0x00007fff2d98a000 	C:\WINDOWS\SYSTEM32\bcrypt.dll
0x00007fff2c9e0000 - 0x00007fff2c9ec000 	C:\WINDOWS\SYSTEM32\CRYPTBASE.dll
0x00007fff2ba80000 - 0x00007fff2bab4000 	C:\WINDOWS\SYSTEM32\IPHLPAPI.DLL
0x00007fff2ff30000 - 0x00007fff2ff3a000 	C:\WINDOWS\System32\NSI.dll
0x00007fff275d0000 - 0x00007fff275ee000 	C:\WINDOWS\SYSTEM32\dhcpcsvc6.DLL
0x00007fff27520000 - 0x00007fff27543000 	C:\WINDOWS\SYSTEM32\dhcpcsvc.DLL
0x00007fff2bac0000 - 0x00007fff2bbec000 	C:\WINDOWS\SYSTEM32\DNSAPI.dll
0x00007fff0e9f0000 - 0x00007fff0ea00000 	C:\Program Files\Java\jdk-17\bin\verify.dll
0x00007fff26420000 - 0x00007fff2642b000 	C:\Windows\System32\rasadhlp.dll
0x00007fff27800000 - 0x00007fff27886000 	C:\WINDOWS\System32\fwpuclnt.dll
0x00007fff02aa0000 - 0x00007fff02aa8000 	C:\WINDOWS\system32\wshunix.dll

dbghelp: loaded successfully - version: 4.0.5 - missing functions: none
symbol engine: initialized successfully - sym options: 0x614 - pdb path: .;C:\Program Files\Java\jdk-17\bin;C:\WINDOWS\SYSTEM32;C:\WINDOWS\WinSxS\amd64_microsoft.windows.common-controls_6595b64144ccf1df_6.0.26100.7019_none_3e06ffa0e335b8a8;C:\Program Files\Java\jdk-17\bin\server

VM Arguments:
jvm_args: -javaagent:C:\Program Files\JetBrains\IntelliJ IDEA Community Edition 2025.2.2\lib\idea_rt.jar=56045 -Dfile.encoding=UTF-8 
java_command: com.spring.MallApplication
java_class_path (initial): C:\Users\LENOVO\OneDrive\Desktop\SpringBoot projects\mall (1)\mall\target\classes;C:\Users\LENOVO\.m2\repository\jakarta\validation\jakarta.validation-api\3.0.2\jakarta.validation-api-3.0.2.jar;C:\Users\LENOVO\.m2\repository\org\hibernate\validator\hibernate-validator\8.0.3.Final\hibernate-validator-8.0.3.Final.jar;C:\Users\LENOVO\.m2\repository\org\jboss\logging\jboss-logging\3.6.1.Final\jboss-logging-3.6.1.Final.jar;C:\Users\LENOVO\.m2\repository\com\fasterxml\classmate\1.7.0\classmate-1.7.0.jar;C:\Users\LENOVO\.m2\repository\org\springframework\boot\spring-boot-starter\3.5.6\spring-boot-starter-3.5.6.jar;C:\Users\LENOVO\.m2\repository\org\springframework\boot\spring-boot\3.5.6\spring-boot-3.5.6.jar;C:\Users\LENOVO\.m2\repository\org\springframework\spring-context\6.2.11\spring-context-6.2.11.jar;C:\Users\LENOVO\.m2\repository\org\springframework\boot\spring-boot-autoconfigure\3.5.6\spring-boot-autoconfigure-3.5.6.jar;C:\Users\LENOVO\.m2\repository\org\springframework\boot\spring-boot-starter-logging\3.5.6\spring-boot-starter-logging-3.5.6.jar;C:\Users\LENOVO\.m2\repository\ch\qos\logback\logback-classic\1.5.18\logback-classic-1.5.18.jar;C:\Users\LENOVO\.m2\repository\ch\qos\logback\logback-core\1.5.18\logback-core-1.5.18.jar;C:\Users\LENOVO\.m2\repository\org\apache\logging\log4j\log4j-to-slf4j\2.24.3\log4j-to-slf4j-2.24.3.jar;C:\Users\LENOVO\.m2\repository\org\apache\logging\log4j\log4j-api\2.24.3\log4j-api-2.24.3.jar;C:\Users\LENOVO\.m2\repository\org\slf4j\jul-to-slf4j\2.0.17\jul-to-slf4j-2.0.17.jar;C:\Users\LENOVO\.m2\repository\jakarta\annotation\jakarta.annotation-api\2.1.1\jakarta.annotation-api-2.1.1.jar;C:\Users\LENOVO\.m2\repository\org\springframework\spring-core\6.2.11\spring-core-6.2.11.jar;C:\Users\LENOVO\.m2\repository\org\springframework\spring-jcl\6.2.11\spring-jcl-6.2.11.jar;C:\Users\LENOVO\.m2\repository\org\yaml\snakeyaml\2.4\snakeyaml-2.4.jar;C:\Users\LENOVO\.m2\repository\org\springframework\boot\spring-boot-star
Launcher Type: SUN_STANDARD

[Global flags]
     intx CICompilerCount                          = 4                                         {product} {ergonomic}
     uint ConcGCThreads                            = 3                                         {product} {ergonomic}
     uint G1ConcRefinementThreads                  = 10                                        {product} {ergonomic}
   size_t G1HeapRegionSize                         = 1048576                                   {product} {ergonomic}
    uintx GCDrainStackTargetSize                   = 64                                        {product} {ergonomic}
   size_t InitialHeapSize                          = 98566144                                  {product} {ergonomic}
   size_t MarkStackSize                            = 4194304                                   {product} {ergonomic}
   size_t MaxHeapSize                              = 1572864000                                {product} {ergonomic}
   size_t MaxNewSize                               = 943718400                                 {product} {ergonomic}
   size_t MinHeapDeltaBytes                        = 1048576                                   {product} {ergonomic}
   size_t MinHeapSize                              = 8388608                                   {product} {ergonomic}
    uintx NonNMethodCodeHeapSize                   = 5839372                                {pd product} {ergonomic}
    uintx NonProfiledCodeHeapSize                  = 122909434                              {pd product} {ergonomic}
    uintx ProfiledCodeHeapSize                     = 122909434                              {pd product} {ergonomic}
    uintx ReservedCodeCacheSize                    = 251658240                              {pd product} {ergonomic}
     bool SegmentedCodeCache                       = true                                      {product} {ergonomic}
   size_t SoftMaxHeapSize                          = 1572864000                             {manageable} {ergonomic}
     bool UseCompressedClassPointers               = true                           {product lp64_product} {ergonomic}
     bool UseCompressedOops                        = true                           {product lp64_product} {ergonomic}
     bool UseG1GC                                  = true                                      {product} {ergonomic}
     bool UseLargePagesIndividualAllocation        = false                                  {pd product} {ergonomic}

Logging:
Log output configuration:
 #0: stdout all=warning uptime,level,tags
 #1: stderr all=off uptime,level,tags

Environment Variables:
PATH=C:\Python313\Scripts\;C:\Python313\;C:\Program Files (x86)\VMware\VMware Workstation\bin\;C:\Program Files\Common Files\Oracle\Java\javapath;C:\Program Files\Eclipse Adoptium\jdk-11.0.20.8-hotspot\bin;C:\WINDOWS\system32;C:\WINDOWS;C:\WINDOWS\System32\Wbem;C:\WINDOWS\System32\WindowsPowerShell\v1.0\;C:\WINDOWS\System32\OpenSSH\;C:\MinGW\bin;C:\Program Files\Microsoft SQL Server\150\Tools\Binn\;C:\Program Files\Microsoft SQL Server\Client SDK\ODBC\170\Tools\Binn\;C:\Program Files\dotnet\;C:\ProgramData\chocolatey\bin;C:\Program Files\Git\cmd;C:\nodejs\;C:\Users\LENOVO\Downloads\apache-maven-3.9.11-bin\apache-maven-3.9.11\bin;C:\Users\LENOVO\AppData\Local\Microsoft\WindowsApps;C:\Users\LENOVO\AppData\Local\Programs\Microsoft VS Code\bin;C:\MinGW\bin;C:\Users\LENOVO\AppData\Local\GitHubDesktop\bin;C:\Users\LENOVO\.dotnet\tools;C:\Users\LENOVO\AppData\Roaming\npm;C:\Users\LENOVO\AppData\Roaming\Python\Python313\Scripts;
USERNAME=LENOVO
OS=Windows_NT
PROCESSOR_IDENTIFIER=AMD64 Family 25 Model 80 Stepping 0, AuthenticAMD



---------------  S Y S T E M  ---------------

OS:
 Windows 11 , 64 bit Build 26100 (10.0.26100.7019)
OS uptime: 2 days 16:27 hours
Hyper-V role detected

CPU: total 12 (initial active 12) (12 cores per cpu, 2 threads per core) family 25 model 80 stepping 0 microcode 0xa50000f, cx8, cmov, fxsr, ht, mmx, 3dnowpref, sse, sse2, sse3, ssse3, sse4a, sse4.1, sse4.2, popcnt, lzcnt, tsc, tscinvbit, avx, avx2, aes, erms, clmul, bmi1, bmi2, adx, sha, fma, vzeroupper, clflush, clflushopt, hv

Memory: 4k page, system-wide physical 5996M (894M free)
TotalPageFile size 24428M (AvailPageFile size 31M)
current process WorkingSet (physical memory assigned to process): 67M, peak: 599M
current process commit charge ("private bytes"): 678M, peak: 704M

vm_info: Java HotSpot(TM) 64-Bit Server VM (17.0.13+10-LTS-268) for windows-amd64 JRE (17.0.13+10-LTS-268), built on Sep 30 2024 06:33:13 by "mach5one" with MS VC++ 17.6 (VS2022)

END.
