#
# There is insufficient memory for the Java Runtime Environment to continue.
# Native memory allocation (malloc) failed to allocate 1809936 bytes for Chunk::new
# Possible reasons:
#   The system is out of physical RAM or swap space
#   The process is running with CompressedOops enabled, and the Java Heap may be blocking the growth of the native heap
# Possible solutions:
#   Reduce memory load on the system
#   Increase physical memory or swap space
#   Check if swap backing store is full
#   Decrease Java heap size (-Xmx/-Xms)
#   Decrease number of Java threads
#   Decrease Java thread stack sizes (-Xss)
#   Set larger code cache with -XX:ReservedCodeCacheSize=
#   JVM is running with Unscaled Compressed Oops mode in which the Java heap is
#     placed in the first 4GB address space. The Java Heap base address is the
#     maximum limit for the native heap growth. Please use -XX:HeapBaseMinAddress
#     to set the Java Heap base and to place the Java Heap above 4GB virtual address.
# This output file may be truncated or incomplete.
#
#  Out of Memory Error (arena.cpp:189), pid=19900, tid=24616
#
# JRE version: Java(TM) SE Runtime Environment (17.0.13+10) (build 17.0.13+10-LTS-268)
# Java VM: Java HotSpot(TM) 64-Bit Server VM (17.0.13+10-LTS-268, mixed mode, sharing, tiered, compressed oops, compressed class ptrs, g1 gc, windows-amd64)
# No core dump will be written. Minidumps are not enabled by default on client versions of Windows
#

---------------  S U M M A R Y ------------

Command Line: -javaagent:C:\Program Files\JetBrains\IntelliJ IDEA Community Edition 2025.2.2\lib\idea_rt.jar=52217 -Dfile.encoding=UTF-8 com.spring.MallApplication

Host: AMD Ryzen 5 5600U with Radeon Graphics         , 12 cores, 5G,  Windows 11 , 64 bit Build 26100 (10.0.26100.7019)
Time: Wed Nov  5 22:34:51 2025 Myanmar Standard Time elapsed time: 16.400707 seconds (0d 0h 0m 16s)

---------------  T H R E A D  ---------------

Current thread (0x000002120867f030):  JavaThread "C2 CompilerThread2" daemon [_thread_in_native, id=24616, stack(0x000000dfc4900000,0x000000dfc4a00000)]


Current CompileTask:
C2:  16400 8302 % !   4       org.springframework.beans.factory.support.DefaultListableBeanFactory::doGetBeanNamesForType @ 20 (527 bytes)

Stack: [0x000000dfc4900000,0x000000dfc4a00000]
Native frames: (J=compiled Java code, j=interpreted, Vv=VM code, C=native code)
V  [jvm.dll+0x67a23a]
V  [jvm.dll+0x7da96d]
V  [jvm.dll+0x7dc2b3]
V  [jvm.dll+0x7dc923]
V  [jvm.dll+0x2450ef]
V  [jvm.dll+0xab793]
V  [jvm.dll+0xabd5c]
V  [jvm.dll+0x361d0f]
V  [jvm.dll+0x32c491]
V  [jvm.dll+0x32b92a]
V  [jvm.dll+0x21689f]
V  [jvm.dll+0x215ccf]
V  [jvm.dll+0x1a2980]
V  [jvm.dll+0x22616b]
V  [jvm.dll+0x22430b]
V  [jvm.dll+0x790a8c]
V  [jvm.dll+0x78af1a]
V  [jvm.dll+0x679125]
C  [ucrtbase.dll+0x37b0]
C  [KERNEL32.DLL+0x2e8d7]
C  [ntdll.dll+0x8c53c]


---------------  P R O C E S S  ---------------

Threads class SMR info:
_java_thread_list=0x000002120915dc70, length=36, elements={
0x00000211a1b33240, 0x00000211bf5363b0, 0x00000211bf536f70, 0x00000211bf5505a0,
0x00000211bf553070, 0x00000211bf555a40, 0x00000211bf556400, 0x00000211bf5571a0,
0x00000211bf55fc60, 0x00000211bf570e20, 0x00000211bf775e40, 0x00000211bf777280,
0x00000211bf776350, 0x00000211bf778bd0, 0x00000211bf776d70, 0x00000211bf7786c0,
0x00000211bf7790e0, 0x00000211bf7781b0, 0x00000211bf776860, 0x0000021208a93810,
0x0000021208a919b0, 0x00000212076016d0, 0x000002120867f030, 0x0000021208a90a80,
0x0000021208a91ec0, 0x0000021208a90f90, 0x0000021208a914a0, 0x0000021208a90060,
0x0000021208a93d20, 0x0000021208a92df0, 0x0000021208a928e0, 0x0000021208a94230,
0x0000021208a93300, 0x0000021208a94740, 0x0000021208a94c50, 0x0000021208a95160
}

Java Threads: ( => current thread )
  0x00000211a1b33240 JavaThread "main" [_thread_blocked, id=16156, stack(0x000000dfc1a00000,0x000000dfc1b00000)]
  0x00000211bf5363b0 JavaThread "Reference Handler" daemon [_thread_blocked, id=24440, stack(0x000000dfc2100000,0x000000dfc2200000)]
  0x00000211bf536f70 JavaThread "Finalizer" daemon [_thread_blocked, id=27596, stack(0x000000dfc2200000,0x000000dfc2300000)]
  0x00000211bf5505a0 JavaThread "Signal Dispatcher" daemon [_thread_blocked, id=27720, stack(0x000000dfc2300000,0x000000dfc2400000)]
  0x00000211bf553070 JavaThread "Attach Listener" daemon [_thread_blocked, id=24272, stack(0x000000dfc2400000,0x000000dfc2500000)]
  0x00000211bf555a40 JavaThread "Service Thread" daemon [_thread_blocked, id=24144, stack(0x000000dfc2500000,0x000000dfc2600000)]
  0x00000211bf556400 JavaThread "Monitor Deflation Thread" daemon [_thread_blocked, id=19844, stack(0x000000dfc2600000,0x000000dfc2700000)]
  0x00000211bf5571a0 JavaThread "C2 CompilerThread0" daemon [_thread_in_native, id=27556, stack(0x000000dfc2700000,0x000000dfc2800000)]
  0x00000211bf55fc60 JavaThread "C1 CompilerThread0" daemon [_thread_blocked, id=22368, stack(0x000000dfc2800000,0x000000dfc2900000)]
  0x00000211bf570e20 JavaThread "Sweeper thread" daemon [_thread_blocked, id=31428, stack(0x000000dfc2900000,0x000000dfc2a00000)]
  0x00000211bf775e40 JavaThread "Common-Cleaner" daemon [_thread_blocked, id=10112, stack(0x000000dfc2a00000,0x000000dfc2b00000)]
  0x00000211bf777280 JavaThread "Monitor Ctrl-Break" daemon [_thread_in_native, id=18124, stack(0x000000dfc2c00000,0x000000dfc2d00000)]
  0x00000211bf776350 JavaThread "Notification Thread" daemon [_thread_blocked, id=22752, stack(0x000000dfc2d00000,0x000000dfc2e00000)]
  0x00000211bf778bd0 JavaThread "Thread-0" [_thread_blocked, id=18804, stack(0x000000dfc2f00000,0x000000dfc3000000)]
  0x00000211bf776d70 JavaThread "restartedMain" [_thread_in_vm, id=17772, stack(0x000000dfc3000000,0x000000dfc3100000)]
  0x00000211bf7786c0 JavaThread "mysql-cj-abandoned-connection-cleanup" daemon [_thread_blocked, id=21152, stack(0x000000dfc3600000,0x000000dfc3700000)]
  0x00000211bf7790e0 JavaThread "HikariPool-1:housekeeper" daemon [_thread_blocked, id=20312, stack(0x000000dfc3e00000,0x000000dfc3f00000)]
  0x00000211bf7781b0 JavaThread "Catalina-utility-1" [_thread_blocked, id=25220, stack(0x000000dfc4000000,0x000000dfc4100000)]
  0x00000211bf776860 JavaThread "Catalina-utility-2" [_thread_blocked, id=13916, stack(0x000000dfc4100000,0x000000dfc4200000)]
  0x0000021208a93810 JavaThread "container-0" [_thread_blocked, id=23988, stack(0x000000dfc4200000,0x000000dfc4300000)]
  0x0000021208a919b0 JavaThread "idle-connection-reaper" daemon [_thread_blocked, id=31308, stack(0x000000dfc3f00000,0x000000dfc4000000)]
  0x00000212076016d0 JavaThread "C2 CompilerThread1" daemon [_thread_in_native, id=30560, stack(0x000000dfc2b00000,0x000000dfc2c00000)]
=>0x000002120867f030 JavaThread "C2 CompilerThread2" daemon [_thread_in_native, id=24616, stack(0x000000dfc4900000,0x000000dfc4a00000)]
  0x0000021208a90a80 JavaThread "File Watcher" daemon [_thread_blocked, id=12976, stack(0x000000dfc4a00000,0x000000dfc4b00000)]
  0x0000021208a91ec0 JavaThread "Live Reload Server" daemon [_thread_in_native, id=27212, stack(0x000000dfc4c00000,0x000000dfc4d00000)]
  0x0000021208a90f90 JavaThread "MessageBroker-1" [_thread_blocked, id=32680, stack(0x000000dfc4b00000,0x000000dfc4c00000)]
  0x0000021208a914a0 JavaThread "http-nio-8081-exec-1" daemon [_thread_blocked, id=24524, stack(0x000000dfc4d00000,0x000000dfc4e00000)]
  0x0000021208a90060 JavaThread "http-nio-8081-exec-2" daemon [_thread_blocked, id=20052, stack(0x000000dfc4e00000,0x000000dfc4f00000)]
  0x0000021208a93d20 JavaThread "http-nio-8081-exec-3" daemon [_thread_blocked, id=32072, stack(0x000000dfc4f00000,0x000000dfc5000000)]
  0x0000021208a92df0 JavaThread "http-nio-8081-exec-4" daemon [_thread_blocked, id=4380, stack(0x000000dfc5000000,0x000000dfc5100000)]
  0x0000021208a928e0 JavaThread "http-nio-8081-exec-5" daemon [_thread_blocked, id=27736, stack(0x000000dfc5100000,0x000000dfc5200000)]
  0x0000021208a94230 JavaThread "http-nio-8081-exec-6" daemon [_thread_blocked, id=19528, stack(0x000000dfc5200000,0x000000dfc5300000)]
  0x0000021208a93300 JavaThread "http-nio-8081-exec-7" daemon [_thread_blocked, id=7324, stack(0x000000dfc5300000,0x000000dfc5400000)]
  0x0000021208a94740 JavaThread "http-nio-8081-exec-8" daemon [_thread_blocked, id=12576, stack(0x000000dfc5400000,0x000000dfc5500000)]
  0x0000021208a94c50 JavaThread "http-nio-8081-exec-9" daemon [_thread_blocked, id=31136, stack(0x000000dfc5500000,0x000000dfc5600000)]
  0x0000021208a95160 JavaThread "http-nio-8081-exec-10" daemon [_thread_blocked, id=26248, stack(0x000000dfc5600000,0x000000dfc5700000)]

Other Threads:
  0x00000211bf530900 VMThread "VM Thread" [stack: 0x000000dfc2000000,0x000000dfc2100000] [id=27724]
  0x00000212052e25d0 WatcherThread [stack: 0x000000dfc2e00000,0x000000dfc2f00000] [id=27748]
  0x00000211a1b7ecf0 GCTaskThread "GC Thread#0" [stack: 0x000000dfc1b00000,0x000000dfc1c00000] [id=27536]
  0x0000021205dc6c20 GCTaskThread "GC Thread#1" [stack: 0x000000dfc3100000,0x000000dfc3200000] [id=23160]
  0x0000021205dc6ee0 GCTaskThread "GC Thread#2" [stack: 0x000000dfc3200000,0x000000dfc3300000] [id=27320]
  0x0000021205dc75a0 GCTaskThread "GC Thread#3" [stack: 0x000000dfc3300000,0x000000dfc3400000] [id=19904]
  0x00000212062e6f00 GCTaskThread "GC Thread#4" [stack: 0x000000dfc3400000,0x000000dfc3500000] [id=2008]
  0x00000212062e75d0 GCTaskThread "GC Thread#5" [stack: 0x000000dfc3500000,0x000000dfc3600000] [id=15120]
  0x0000021205f845e0 GCTaskThread "GC Thread#6" [stack: 0x000000dfc3700000,0x000000dfc3800000] [id=30568]
  0x0000021205f84e20 GCTaskThread "GC Thread#7" [stack: 0x000000dfc3800000,0x000000dfc3900000] [id=28504]
  0x0000021205f85660 GCTaskThread "GC Thread#8" [stack: 0x000000dfc3900000,0x000000dfc3a00000] [id=29304]
  0x0000021205f85be0 GCTaskThread "GC Thread#9" [stack: 0x000000dfc3a00000,0x000000dfc3b00000] [id=14664]
  0x00000211a1b8b7c0 ConcurrentGCThread "G1 Main Marker" [stack: 0x000000dfc1c00000,0x000000dfc1d00000] [id=19536]
  0x00000211a1b8d1e0 ConcurrentGCThread "G1 Conc#0" [stack: 0x000000dfc1d00000,0x000000dfc1e00000] [id=2780]
  0x0000021206df8b60 ConcurrentGCThread "G1 Conc#1" [stack: 0x000000dfc3b00000,0x000000dfc3c00000] [id=26504]
  0x0000021206df8060 ConcurrentGCThread "G1 Conc#2" [stack: 0x000000dfc3c00000,0x000000dfc3d00000] [id=28264]
  0x00000211a1bee3b0 ConcurrentGCThread "G1 Refine#0" [stack: 0x000000dfc1e00000,0x000000dfc1f00000] [id=25356]
  0x0000021208132910 ConcurrentGCThread "G1 Refine#1" [stack: 0x000000dfc4300000,0x000000dfc4400000] [id=31496]
  0x00000212081334d0 ConcurrentGCThread "G1 Refine#2" [stack: 0x000000dfc4400000,0x000000dfc4500000] [id=31336]
  0x0000021208133da0 ConcurrentGCThread "G1 Refine#3" [stack: 0x000000dfc4500000,0x000000dfc4600000] [id=31684]
  0x0000021209fc4830 ConcurrentGCThread "G1 Refine#4" [stack: 0x000000dfc4600000,0x000000dfc4700000] [id=24464]
  0x0000021209fc4b20 ConcurrentGCThread "G1 Refine#5" [stack: 0x000000dfc4700000,0x000000dfc4800000] [id=21536]
  0x0000021209fc1c20 ConcurrentGCThread "G1 Refine#6" [stack: 0x000000dfc4800000,0x000000dfc4900000] [id=12404]
  0x00000211a1beec80 ConcurrentGCThread "G1 Service" [stack: 0x000000dfc1f00000,0x000000dfc2000000] [id=32644]

Threads with active compile tasks:
C2 CompilerThread0    16439 8003       4       sun.reflect.generics.visitor.Reifier::visitClassTypeSignature (381 bytes)
C2 CompilerThread1    16439 8310       4       org.springframework.boot.context.properties.source.SpringConfigurationPropertySources$SourcesIterator::fetchNext (139 bytes)
C2 CompilerThread2    16440 8302 % !   4       org.springframework.beans.factory.support.DefaultListableBeanFactory::doGetBeanNamesForType @ 20 (527 bytes)

VM state: not at safepoint (normal execution)

VM Mutex/Monitor currently owned by a thread: None

Heap address: 0x00000000a2400000, size: 1500 MB, Compressed Oops mode: 32-bit

CDS archive(s) mapped at: [0x00000211c0000000-0x00000211c0bd0000-0x00000211c0bd0000), size 12386304, SharedBaseAddress: 0x00000211c0000000, ArchiveRelocationMode: 1.
Compressed class space mapped at: 0x00000211c1000000-0x0000021201000000, reserved size: 1073741824
Narrow klass base: 0x00000211c0000000, Narrow klass shift: 0, Narrow klass range: 0x100000000

GC Precious Log:
 CPUs: 12 total, 12 available
 Memory: 5996M
 Large Page Support: Disabled
 NUMA Support: Disabled
 Compressed Oops: Enabled (32-bit)
 Heap Region Size: 1M
 Heap Min Capacity: 8M
 Heap Initial Capacity: 94M
 Heap Max Capacity: 1500M
 Pre-touch: Disabled
 Parallel Workers: 10
 Concurrent Workers: 3
 Concurrent Refinement Workers: 10
 Periodic GC: Disabled

Heap:
 garbage-first heap   total 473088K, used 196345K [0x00000000a2400000, 0x0000000100000000)
  region size 1024K, 92 young (94208K), 26 survivors (26624K)
 Metaspace       used 89570K, committed 90240K, reserved 1179648K
  class space    used 12334K, committed 12672K, reserved 1048576K

Heap Regions: E=young(eden), S=young(survivor), O=old, HS=humongous(starts), HC=humongous(continues), CS=collection set, F=free, OA=open archive, CA=closed archive, TAMS=top-at-mark-start (previous, next)
|   0|0x00000000a2400000, 0x00000000a2500000, 0x00000000a2500000|100%|HS|  |TAMS 0x00000000a2500000, 0x00000000a2400000| Complete 
|   1|0x00000000a2500000, 0x00000000a2600000, 0x00000000a2600000|100%|HS|  |TAMS 0x00000000a2600000, 0x00000000a2500000| Complete 
|   2|0x00000000a2600000, 0x00000000a2700000, 0x00000000a2700000|100%| O|  |TAMS 0x00000000a2700000, 0x00000000a2600000| Untracked 
|   3|0x00000000a2700000, 0x00000000a2800000, 0x00000000a2800000|100%| O|  |TAMS 0x00000000a2800000, 0x00000000a2700000| Untracked 
|   4|0x00000000a2800000, 0x00000000a2900000, 0x00000000a2900000|100%| O|  |TAMS 0x00000000a2900000, 0x00000000a2800000| Untracked 
|   5|0x00000000a2900000, 0x00000000a2a00000, 0x00000000a2a00000|100%| O|  |TAMS 0x00000000a2a00000, 0x00000000a2900000| Untracked 
|   6|0x00000000a2a00000, 0x00000000a2b00000, 0x00000000a2b00000|100%| O|  |TAMS 0x00000000a2b00000, 0x00000000a2a00000| Untracked 
|   7|0x00000000a2b00000, 0x00000000a2c00000, 0x00000000a2c00000|100%| O|  |TAMS 0x00000000a2c00000, 0x00000000a2b00000| Untracked 
|   8|0x00000000a2c00000, 0x00000000a2d00000, 0x00000000a2d00000|100%| O|  |TAMS 0x00000000a2d00000, 0x00000000a2c00000| Untracked 
|   9|0x00000000a2d00000, 0x00000000a2e00000, 0x00000000a2e00000|100%| O|  |TAMS 0x00000000a2e00000, 0x00000000a2d00000| Untracked 
|  10|0x00000000a2e00000, 0x00000000a2f00000, 0x00000000a2f00000|100%| O|  |TAMS 0x00000000a2f00000, 0x00000000a2e00000| Untracked 
|  11|0x00000000a2f00000, 0x00000000a3000000, 0x00000000a3000000|100%| O|  |TAMS 0x00000000a3000000, 0x00000000a2f00000| Untracked 
|  12|0x00000000a3000000, 0x00000000a3100000, 0x00000000a3100000|100%| O|  |TAMS 0x00000000a3100000, 0x00000000a3000000| Untracked 
|  13|0x00000000a3100000, 0x00000000a3200000, 0x00000000a3200000|100%| O|  |TAMS 0x00000000a3200000, 0x00000000a3100000| Untracked 
|  14|0x00000000a3200000, 0x00000000a3300000, 0x00000000a3300000|100%| O|  |TAMS 0x00000000a3300000, 0x00000000a3200000| Untracked 
|  15|0x00000000a3300000, 0x00000000a3400000, 0x00000000a3400000|100%| O|  |TAMS 0x00000000a3400000, 0x00000000a3300000| Untracked 
|  16|0x00000000a3400000, 0x00000000a3500000, 0x00000000a3500000|100%| O|  |TAMS 0x00000000a3500000, 0x00000000a3400000| Untracked 
|  17|0x00000000a3500000, 0x00000000a3600000, 0x00000000a3600000|100%| O|  |TAMS 0x00000000a3600000, 0x00000000a3500000| Untracked 
|  18|0x00000000a3600000, 0x00000000a3700000, 0x00000000a3700000|100%| O|  |TAMS 0x00000000a3700000, 0x00000000a3600000| Untracked 
|  19|0x00000000a3700000, 0x00000000a3800000, 0x00000000a3800000|100%| O|  |TAMS 0x00000000a3800000, 0x00000000a3700000| Untracked 
|  20|0x00000000a3800000, 0x00000000a3900000, 0x00000000a3900000|100%| O|  |TAMS 0x00000000a3900000, 0x00000000a3800000| Untracked 
|  21|0x00000000a3900000, 0x00000000a3a00000, 0x00000000a3a00000|100%| O|  |TAMS 0x00000000a3a00000, 0x00000000a3900000| Untracked 
|  22|0x00000000a3a00000, 0x00000000a3b00000, 0x00000000a3b00000|100%| O|  |TAMS 0x00000000a3b00000, 0x00000000a3a00000| Untracked 
|  23|0x00000000a3b00000, 0x00000000a3c00000, 0x00000000a3c00000|100%| O|  |TAMS 0x00000000a3c00000, 0x00000000a3b00000| Untracked 
|  24|0x00000000a3c00000, 0x00000000a3d00000, 0x00000000a3d00000|100%| O|  |TAMS 0x00000000a3d00000, 0x00000000a3c00000| Untracked 
|  25|0x00000000a3d00000, 0x00000000a3e00000, 0x00000000a3e00000|100%| O|  |TAMS 0x00000000a3e00000, 0x00000000a3d00000| Untracked 
|  26|0x00000000a3e00000, 0x00000000a3f00000, 0x00000000a3f00000|100%| O|  |TAMS 0x00000000a3f00000, 0x00000000a3e00000| Untracked 
|  27|0x00000000a3f00000, 0x00000000a4000000, 0x00000000a4000000|100%| O|  |TAMS 0x00000000a4000000, 0x00000000a3f00000| Untracked 
|  28|0x00000000a4000000, 0x00000000a4100000, 0x00000000a4100000|100%| O|  |TAMS 0x00000000a4100000, 0x00000000a4000000| Untracked 
|  29|0x00000000a4100000, 0x00000000a4200000, 0x00000000a4200000|100%| O|  |TAMS 0x00000000a4200000, 0x00000000a4100000| Untracked 
|  30|0x00000000a4200000, 0x00000000a4300000, 0x00000000a4300000|100%| O|  |TAMS 0x00000000a4300000, 0x00000000a4200000| Untracked 
|  31|0x00000000a4300000, 0x00000000a4400000, 0x00000000a4400000|100%| O|  |TAMS 0x00000000a4400000, 0x00000000a4300000| Untracked 
|  32|0x00000000a4400000, 0x00000000a4500000, 0x00000000a4500000|100%| O|  |TAMS 0x00000000a4500000, 0x00000000a4400000| Untracked 
|  33|0x00000000a4500000, 0x00000000a4600000, 0x00000000a4600000|100%| O|  |TAMS 0x00000000a4500000, 0x00000000a4500000| Untracked 
|  34|0x00000000a4600000, 0x00000000a4700000, 0x00000000a4700000|100%| O|  |TAMS 0x00000000a4600000, 0x00000000a4600000| Untracked 
|  35|0x00000000a4700000, 0x00000000a4800000, 0x00000000a4800000|100%| O|  |TAMS 0x00000000a4700000, 0x00000000a4700000| Untracked 
|  36|0x00000000a4800000, 0x00000000a4900000, 0x00000000a4900000|100%| O|  |TAMS 0x00000000a4800000, 0x00000000a4800000| Untracked 
|  37|0x00000000a4900000, 0x00000000a4a00000, 0x00000000a4a00000|100%| O|  |TAMS 0x00000000a4a00000, 0x00000000a4900000| Untracked 
|  38|0x00000000a4a00000, 0x00000000a4b00000, 0x00000000a4b00000|100%| O|  |TAMS 0x00000000a4b00000, 0x00000000a4a00000| Untracked 
|  39|0x00000000a4b00000, 0x00000000a4c00000, 0x00000000a4c00000|100%| O|  |TAMS 0x00000000a4c00000, 0x00000000a4b00000| Untracked 
|  40|0x00000000a4c00000, 0x00000000a4d00000, 0x00000000a4d00000|100%| O|  |TAMS 0x00000000a4c00000, 0x00000000a4c00000| Untracked 
|  41|0x00000000a4d00000, 0x00000000a4e00000, 0x00000000a4e00000|100%|HS|  |TAMS 0x00000000a4d00000, 0x00000000a4d00000| Complete 
|  42|0x00000000a4e00000, 0x00000000a4f00000, 0x00000000a4f00000|100%| O|  |TAMS 0x00000000a4f00000, 0x00000000a4e00000| Untracked 
|  43|0x00000000a4f00000, 0x00000000a5000000, 0x00000000a5000000|100%| O|  |TAMS 0x00000000a5000000, 0x00000000a4f00000| Untracked 
|  44|0x00000000a5000000, 0x00000000a5100000, 0x00000000a5100000|100%| O|  |TAMS 0x00000000a5000000, 0x00000000a5000000| Untracked 
|  45|0x00000000a5100000, 0x00000000a5200000, 0x00000000a5200000|100%| O|  |TAMS 0x00000000a5200000, 0x00000000a5100000| Untracked 
|  46|0x00000000a5200000, 0x00000000a5300000, 0x00000000a5300000|100%| O|  |TAMS 0x00000000a5300000, 0x00000000a5200000| Untracked 
|  47|0x00000000a5300000, 0x00000000a5400000, 0x00000000a5400000|100%| O|  |TAMS 0x00000000a5300000, 0x00000000a5300000| Untracked 
|  48|0x00000000a5400000, 0x00000000a5500000, 0x00000000a5500000|100%| O|  |TAMS 0x00000000a5400000, 0x00000000a5400000| Untracked 
|  49|0x00000000a5500000, 0x00000000a5600000, 0x00000000a5600000|100%|HS|  |TAMS 0x00000000a5500000, 0x00000000a5500000| Complete 
|  50|0x00000000a5600000, 0x00000000a5700000, 0x00000000a5700000|100%|HC|  |TAMS 0x00000000a5600000, 0x00000000a5600000| Complete 
|  51|0x00000000a5700000, 0x00000000a5800000, 0x00000000a5800000|100%| O|  |TAMS 0x00000000a5700000, 0x00000000a5700000| Untracked 
|  52|0x00000000a5800000, 0x00000000a5900000, 0x00000000a5900000|100%| O|  |TAMS 0x00000000a5800000, 0x00000000a5800000| Untracked 
|  53|0x00000000a5900000, 0x00000000a5a00000, 0x00000000a5a00000|100%| O|  |TAMS 0x00000000a5900000, 0x00000000a5900000| Untracked 
|  54|0x00000000a5a00000, 0x00000000a5b00000, 0x00000000a5b00000|100%| O|  |TAMS 0x00000000a5a00000, 0x00000000a5a00000| Untracked 
|  55|0x00000000a5b00000, 0x00000000a5c00000, 0x00000000a5c00000|100%| O|  |TAMS 0x00000000a5b00000, 0x00000000a5b00000| Untracked 
|  56|0x00000000a5c00000, 0x00000000a5d00000, 0x00000000a5d00000|100%| O|  |TAMS 0x00000000a5c00000, 0x00000000a5c00000| Untracked 
|  57|0x00000000a5d00000, 0x00000000a5e00000, 0x00000000a5e00000|100%| O|  |TAMS 0x00000000a5e00000, 0x00000000a5d00000| Untracked 
|  58|0x00000000a5e00000, 0x00000000a5f00000, 0x00000000a5f00000|100%| O|  |TAMS 0x00000000a5f00000, 0x00000000a5e00000| Untracked 
|  59|0x00000000a5f00000, 0x00000000a6000000, 0x00000000a6000000|100%| O|  |TAMS 0x00000000a5f00000, 0x00000000a5f00000| Untracked 
|  60|0x00000000a6000000, 0x00000000a6100000, 0x00000000a6100000|100%| O|  |TAMS 0x00000000a6100000, 0x00000000a6000000| Untracked 
|  61|0x00000000a6100000, 0x00000000a6200000, 0x00000000a6200000|100%| O|  |TAMS 0x00000000a6200000, 0x00000000a6100000| Untracked 
|  62|0x00000000a6200000, 0x00000000a6300000, 0x00000000a6300000|100%| O|  |TAMS 0x00000000a6300000, 0x00000000a6200000| Untracked 
|  63|0x00000000a6300000, 0x00000000a6400000, 0x00000000a6400000|100%| O|  |TAMS 0x00000000a6400000, 0x00000000a6300000| Untracked 
|  64|0x00000000a6400000, 0x00000000a6500000, 0x00000000a6500000|100%| O|  |TAMS 0x00000000a6500000, 0x00000000a6400000| Untracked 
|  65|0x00000000a6500000, 0x00000000a6600000, 0x00000000a6600000|100%| O|  |TAMS 0x00000000a6600000, 0x00000000a6500000| Untracked 
|  66|0x00000000a6600000, 0x00000000a6700000, 0x00000000a6700000|100%| O|  |TAMS 0x00000000a6700000, 0x00000000a6600000| Untracked 
|  67|0x00000000a6700000, 0x00000000a6800000, 0x00000000a6800000|100%| O|  |TAMS 0x00000000a6800000, 0x00000000a6700000| Untracked 
|  68|0x00000000a6800000, 0x00000000a6900000, 0x00000000a6900000|100%| O|  |TAMS 0x00000000a6900000, 0x00000000a6800000| Untracked 
|  69|0x00000000a6900000, 0x00000000a6a00000, 0x00000000a6a00000|100%| O|  |TAMS 0x00000000a6a00000, 0x00000000a6900000| Untracked 
|  70|0x00000000a6a00000, 0x00000000a6b00000, 0x00000000a6b00000|100%| O|  |TAMS 0x00000000a6b00000, 0x00000000a6a00000| Untracked 
|  71|0x00000000a6b00000, 0x00000000a6c00000, 0x00000000a6c00000|100%| O|  |TAMS 0x00000000a6bc5a00, 0x00000000a6b00000| Untracked 
|  72|0x00000000a6c00000, 0x00000000a6d00000, 0x00000000a6d00000|100%| O|  |TAMS 0x00000000a6c00000, 0x00000000a6c00000| Untracked 
|  73|0x00000000a6d00000, 0x00000000a6e00000, 0x00000000a6e00000|100%| O|  |TAMS 0x00000000a6d00000, 0x00000000a6d00000| Untracked 
|  74|0x00000000a6e00000, 0x00000000a6f00000, 0x00000000a6f00000|100%| O|  |TAMS 0x00000000a6e00000, 0x00000000a6e00000| Untracked 
|  75|0x00000000a6f00000, 0x00000000a7000000, 0x00000000a7000000|100%| O|  |TAMS 0x00000000a6f00000, 0x00000000a6f00000| Untracked 
|  76|0x00000000a7000000, 0x00000000a7100000, 0x00000000a7100000|100%| O|  |TAMS 0x00000000a7000000, 0x00000000a7000000| Untracked 
|  77|0x00000000a7100000, 0x00000000a7200000, 0x00000000a7200000|100%| O|  |TAMS 0x00000000a7100000, 0x00000000a7100000| Untracked 
|  78|0x00000000a7200000, 0x00000000a7300000, 0x00000000a7300000|100%| O|  |TAMS 0x00000000a7200000, 0x00000000a7200000| Untracked 
|  79|0x00000000a7300000, 0x00000000a7400000, 0x00000000a7400000|100%| O|  |TAMS 0x00000000a7300000, 0x00000000a7300000| Untracked 
|  80|0x00000000a7400000, 0x00000000a7500000, 0x00000000a7500000|100%| O|  |TAMS 0x00000000a7400000, 0x00000000a7400000| Untracked 
|  81|0x00000000a7500000, 0x00000000a7600000, 0x00000000a7600000|100%| O|  |TAMS 0x00000000a7500000, 0x00000000a7500000| Untracked 
|  82|0x00000000a7600000, 0x00000000a7700000, 0x00000000a7700000|100%| O|  |TAMS 0x00000000a7600000, 0x00000000a7600000| Untracked 
|  83|0x00000000a7700000, 0x00000000a7800000, 0x00000000a7800000|100%| O|  |TAMS 0x00000000a7700000, 0x00000000a7700000| Untracked 
|  84|0x00000000a7800000, 0x00000000a7900000, 0x00000000a7900000|100%| O|  |TAMS 0x00000000a7800000, 0x00000000a7800000| Untracked 
|  85|0x00000000a7900000, 0x00000000a7a00000, 0x00000000a7a00000|100%| O|  |TAMS 0x00000000a7900000, 0x00000000a7900000| Untracked 
|  86|0x00000000a7a00000, 0x00000000a7b00000, 0x00000000a7b00000|100%| O|  |TAMS 0x00000000a7a00000, 0x00000000a7a00000| Untracked 
|  87|0x00000000a7b00000, 0x00000000a7c00000, 0x00000000a7c00000|100%| O|  |TAMS 0x00000000a7b00000, 0x00000000a7b00000| Untracked 
|  88|0x00000000a7c00000, 0x00000000a7d00000, 0x00000000a7d00000|100%| O|  |TAMS 0x00000000a7c00000, 0x00000000a7c00000| Untracked 
|  89|0x00000000a7d00000, 0x00000000a7e00000, 0x00000000a7e00000|100%| O|  |TAMS 0x00000000a7d00000, 0x00000000a7d00000| Untracked 
|  90|0x00000000a7e00000, 0x00000000a7f00000, 0x00000000a7f00000|100%| O|  |TAMS 0x00000000a7e00000, 0x00000000a7e00000| Untracked 
|  91|0x00000000a7f00000, 0x00000000a8000000, 0x00000000a8000000|100%| O|  |TAMS 0x00000000a7f00000, 0x00000000a7f00000| Untracked 
|  92|0x00000000a8000000, 0x00000000a8100000, 0x00000000a8100000|100%| O|  |TAMS 0x00000000a8000000, 0x00000000a8000000| Untracked 
|  93|0x00000000a8100000, 0x00000000a8200000, 0x00000000a8200000|100%| O|  |TAMS 0x00000000a8100000, 0x00000000a8100000| Untracked 
|  94|0x00000000a8200000, 0x00000000a8300000, 0x00000000a8300000|100%| O|  |TAMS 0x00000000a8200000, 0x00000000a8200000| Untracked 
|  95|0x00000000a8300000, 0x00000000a8400000, 0x00000000a8400000|100%| O|  |TAMS 0x00000000a8300000, 0x00000000a8300000| Untracked 
|  96|0x00000000a8400000, 0x00000000a8500000, 0x00000000a8500000|100%| O|  |TAMS 0x00000000a8400000, 0x00000000a8400000| Untracked 
|  97|0x00000000a8500000, 0x00000000a8600000, 0x00000000a8600000|100%| O|  |TAMS 0x00000000a8500000, 0x00000000a8500000| Untracked 
|  98|0x00000000a8600000, 0x00000000a8700000, 0x00000000a8700000|100%| O|  |TAMS 0x00000000a8600000, 0x00000000a8600000| Untracked 
|  99|0x00000000a8700000, 0x00000000a8800000, 0x00000000a8800000|100%| O|  |TAMS 0x00000000a8700000, 0x00000000a8700000| Untracked 
| 100|0x00000000a8800000, 0x00000000a88be400, 0x00000000a8900000| 74%| O|  |TAMS 0x00000000a8800000, 0x00000000a8800000| Untracked 
| 101|0x00000000a8900000, 0x00000000a8900000, 0x00000000a8a00000|  0%| F|  |TAMS 0x00000000a8900000, 0x00000000a8900000| Untracked 
| 102|0x00000000a8a00000, 0x00000000a8a00000, 0x00000000a8b00000|  0%| F|  |TAMS 0x00000000a8a00000, 0x00000000a8a00000| Untracked 
| 103|0x00000000a8b00000, 0x00000000a8b00000, 0x00000000a8c00000|  0%| F|  |TAMS 0x00000000a8b00000, 0x00000000a8b00000| Untracked 
| 104|0x00000000a8c00000, 0x00000000a8c00000, 0x00000000a8d00000|  0%| F|  |TAMS 0x00000000a8c00000, 0x00000000a8c00000| Untracked 
| 105|0x00000000a8d00000, 0x00000000a8d00000, 0x00000000a8e00000|  0%| F|  |TAMS 0x00000000a8d00000, 0x00000000a8d00000| Untracked 
| 106|0x00000000a8e00000, 0x00000000a8e00000, 0x00000000a8f00000|  0%| F|  |TAMS 0x00000000a8e00000, 0x00000000a8e00000| Untracked 
| 107|0x00000000a8f00000, 0x00000000a8f00000, 0x00000000a9000000|  0%| F|  |TAMS 0x00000000a8f00000, 0x00000000a8f00000| Untracked 
| 108|0x00000000a9000000, 0x00000000a9000000, 0x00000000a9100000|  0%| F|  |TAMS 0x00000000a9000000, 0x00000000a9000000| Untracked 
| 109|0x00000000a9100000, 0x00000000a9100000, 0x00000000a9200000|  0%| F|  |TAMS 0x00000000a9100000, 0x00000000a9100000| Untracked 
| 110|0x00000000a9200000, 0x00000000a9200000, 0x00000000a9300000|  0%| F|  |TAMS 0x00000000a9200000, 0x00000000a9200000| Untracked 
| 111|0x00000000a9300000, 0x00000000a9300000, 0x00000000a9400000|  0%| F|  |TAMS 0x00000000a9300000, 0x00000000a9300000| Untracked 
| 112|0x00000000a9400000, 0x00000000a9400000, 0x00000000a9500000|  0%| F|  |TAMS 0x00000000a9400000, 0x00000000a9400000| Untracked 
| 113|0x00000000a9500000, 0x00000000a9500000, 0x00000000a9600000|  0%| F|  |TAMS 0x00000000a9500000, 0x00000000a9500000| Untracked 
| 114|0x00000000a9600000, 0x00000000a9600000, 0x00000000a9700000|  0%| F|  |TAMS 0x00000000a9600000, 0x00000000a9600000| Untracked 
| 115|0x00000000a9700000, 0x00000000a9700000, 0x00000000a9800000|  0%| F|  |TAMS 0x00000000a9700000, 0x00000000a9700000| Untracked 
| 116|0x00000000a9800000, 0x00000000a9800000, 0x00000000a9900000|  0%| F|  |TAMS 0x00000000a9800000, 0x00000000a9800000| Untracked 
| 117|0x00000000a9900000, 0x00000000a9900000, 0x00000000a9a00000|  0%| F|  |TAMS 0x00000000a9900000, 0x00000000a9900000| Untracked 
| 118|0x00000000a9a00000, 0x00000000a9a00000, 0x00000000a9b00000|  0%| F|  |TAMS 0x00000000a9a00000, 0x00000000a9a00000| Untracked 
| 119|0x00000000a9b00000, 0x00000000a9b00000, 0x00000000a9c00000|  0%| F|  |TAMS 0x00000000a9b00000, 0x00000000a9b00000| Untracked 
| 120|0x00000000a9c00000, 0x00000000a9c00000, 0x00000000a9d00000|  0%| F|  |TAMS 0x00000000a9c00000, 0x00000000a9c00000| Untracked 
| 121|0x00000000a9d00000, 0x00000000a9d00000, 0x00000000a9e00000|  0%| F|  |TAMS 0x00000000a9d00000, 0x00000000a9d00000| Untracked 
| 122|0x00000000a9e00000, 0x00000000a9e00000, 0x00000000a9f00000|  0%| F|  |TAMS 0x00000000a9e00000, 0x00000000a9e00000| Untracked 
| 123|0x00000000a9f00000, 0x00000000a9f00000, 0x00000000aa000000|  0%| F|  |TAMS 0x00000000a9f00000, 0x00000000a9f00000| Untracked 
| 124|0x00000000aa000000, 0x00000000aa000000, 0x00000000aa100000|  0%| F|  |TAMS 0x00000000aa000000, 0x00000000aa000000| Untracked 
| 125|0x00000000aa100000, 0x00000000aa100000, 0x00000000aa200000|  0%| F|  |TAMS 0x00000000aa100000, 0x00000000aa100000| Untracked 
| 126|0x00000000aa200000, 0x00000000aa200000, 0x00000000aa300000|  0%| F|  |TAMS 0x00000000aa200000, 0x00000000aa200000| Untracked 
| 127|0x00000000aa300000, 0x00000000aa300000, 0x00000000aa400000|  0%| F|  |TAMS 0x00000000aa300000, 0x00000000aa300000| Untracked 
| 128|0x00000000aa400000, 0x00000000aa400000, 0x00000000aa500000|  0%| F|  |TAMS 0x00000000aa400000, 0x00000000aa400000| Untracked 
| 129|0x00000000aa500000, 0x00000000aa500000, 0x00000000aa600000|  0%| F|  |TAMS 0x00000000aa500000, 0x00000000aa500000| Untracked 
| 130|0x00000000aa600000, 0x00000000aa600000, 0x00000000aa700000|  0%| F|  |TAMS 0x00000000aa600000, 0x00000000aa600000| Untracked 
| 131|0x00000000aa700000, 0x00000000aa700000, 0x00000000aa800000|  0%| F|  |TAMS 0x00000000aa700000, 0x00000000aa700000| Untracked 
| 132|0x00000000aa800000, 0x00000000aa800000, 0x00000000aa900000|  0%| F|  |TAMS 0x00000000aa800000, 0x00000000aa800000| Untracked 
| 133|0x00000000aa900000, 0x00000000aa900000, 0x00000000aaa00000|  0%| F|  |TAMS 0x00000000aa900000, 0x00000000aa900000| Untracked 
| 134|0x00000000aaa00000, 0x00000000aaa00000, 0x00000000aab00000|  0%| F|  |TAMS 0x00000000aaa00000, 0x00000000aaa00000| Untracked 
| 135|0x00000000aab00000, 0x00000000aab00000, 0x00000000aac00000|  0%| F|  |TAMS 0x00000000aab00000, 0x00000000aab00000| Untracked 
| 136|0x00000000aac00000, 0x00000000aac00000, 0x00000000aad00000|  0%| F|  |TAMS 0x00000000aac00000, 0x00000000aac00000| Untracked 
| 137|0x00000000aad00000, 0x00000000aad00000, 0x00000000aae00000|  0%| F|  |TAMS 0x00000000aad00000, 0x00000000aad00000| Untracked 
| 138|0x00000000aae00000, 0x00000000aae00000, 0x00000000aaf00000|  0%| F|  |TAMS 0x00000000aae00000, 0x00000000aae00000| Untracked 
| 139|0x00000000aaf00000, 0x00000000aaf00000, 0x00000000ab000000|  0%| F|  |TAMS 0x00000000aaf00000, 0x00000000aaf00000| Untracked 
| 140|0x00000000ab000000, 0x00000000ab000000, 0x00000000ab100000|  0%| F|  |TAMS 0x00000000ab000000, 0x00000000ab000000| Untracked 
| 141|0x00000000ab100000, 0x00000000ab100000, 0x00000000ab200000|  0%| F|  |TAMS 0x00000000ab100000, 0x00000000ab100000| Untracked 
| 142|0x00000000ab200000, 0x00000000ab200000, 0x00000000ab300000|  0%| F|  |TAMS 0x00000000ab200000, 0x00000000ab200000| Untracked 
| 143|0x00000000ab300000, 0x00000000ab300000, 0x00000000ab400000|  0%| F|  |TAMS 0x00000000ab300000, 0x00000000ab300000| Untracked 
| 144|0x00000000ab400000, 0x00000000ab400000, 0x00000000ab500000|  0%| F|  |TAMS 0x00000000ab400000, 0x00000000ab400000| Untracked 
| 145|0x00000000ab500000, 0x00000000ab500000, 0x00000000ab600000|  0%| F|  |TAMS 0x00000000ab500000, 0x00000000ab500000| Untracked 
| 146|0x00000000ab600000, 0x00000000ab600000, 0x00000000ab700000|  0%| F|  |TAMS 0x00000000ab600000, 0x00000000ab600000| Untracked 
| 147|0x00000000ab700000, 0x00000000ab700000, 0x00000000ab800000|  0%| F|  |TAMS 0x00000000ab700000, 0x00000000ab700000| Untracked 
| 148|0x00000000ab800000, 0x00000000ab800000, 0x00000000ab900000|  0%| F|  |TAMS 0x00000000ab800000, 0x00000000ab800000| Untracked 
| 149|0x00000000ab900000, 0x00000000ab900000, 0x00000000aba00000|  0%| F|  |TAMS 0x00000000ab900000, 0x00000000ab900000| Untracked 
| 150|0x00000000aba00000, 0x00000000aba00000, 0x00000000abb00000|  0%| F|  |TAMS 0x00000000aba00000, 0x00000000aba00000| Untracked 
| 151|0x00000000abb00000, 0x00000000abb00000, 0x00000000abc00000|  0%| F|  |TAMS 0x00000000abb00000, 0x00000000abb00000| Untracked 
| 152|0x00000000abc00000, 0x00000000abc00000, 0x00000000abd00000|  0%| F|  |TAMS 0x00000000abc00000, 0x00000000abc00000| Untracked 
| 153|0x00000000abd00000, 0x00000000abd00000, 0x00000000abe00000|  0%| F|  |TAMS 0x00000000abd00000, 0x00000000abd00000| Untracked 
| 154|0x00000000abe00000, 0x00000000abe00000, 0x00000000abf00000|  0%| F|  |TAMS 0x00000000abe00000, 0x00000000abe00000| Untracked 
| 155|0x00000000abf00000, 0x00000000abf00000, 0x00000000ac000000|  0%| F|  |TAMS 0x00000000abf00000, 0x00000000abf00000| Untracked 
| 156|0x00000000ac000000, 0x00000000ac000000, 0x00000000ac100000|  0%| F|  |TAMS 0x00000000ac000000, 0x00000000ac000000| Untracked 
| 157|0x00000000ac100000, 0x00000000ac100000, 0x00000000ac200000|  0%| F|  |TAMS 0x00000000ac100000, 0x00000000ac100000| Untracked 
| 158|0x00000000ac200000, 0x00000000ac200000, 0x00000000ac300000|  0%| F|  |TAMS 0x00000000ac200000, 0x00000000ac200000| Untracked 
| 159|0x00000000ac300000, 0x00000000ac300000, 0x00000000ac400000|  0%| F|  |TAMS 0x00000000ac300000, 0x00000000ac300000| Untracked 
| 160|0x00000000ac400000, 0x00000000ac400000, 0x00000000ac500000|  0%| F|  |TAMS 0x00000000ac400000, 0x00000000ac400000| Untracked 
| 161|0x00000000ac500000, 0x00000000ac500000, 0x00000000ac600000|  0%| F|  |TAMS 0x00000000ac500000, 0x00000000ac500000| Untracked 
| 162|0x00000000ac600000, 0x00000000ac600000, 0x00000000ac700000|  0%| F|  |TAMS 0x00000000ac600000, 0x00000000ac600000| Untracked 
| 163|0x00000000ac700000, 0x00000000ac700000, 0x00000000ac800000|  0%| F|  |TAMS 0x00000000ac700000, 0x00000000ac700000| Untracked 
| 164|0x00000000ac800000, 0x00000000ac800000, 0x00000000ac900000|  0%| F|  |TAMS 0x00000000ac800000, 0x00000000ac800000| Untracked 
| 165|0x00000000ac900000, 0x00000000ac900000, 0x00000000aca00000|  0%| F|  |TAMS 0x00000000ac900000, 0x00000000ac900000| Untracked 
| 166|0x00000000aca00000, 0x00000000aca00000, 0x00000000acb00000|  0%| F|  |TAMS 0x00000000aca00000, 0x00000000aca00000| Untracked 
| 167|0x00000000acb00000, 0x00000000acb00000, 0x00000000acc00000|  0%| F|  |TAMS 0x00000000acb00000, 0x00000000acb00000| Untracked 
| 168|0x00000000acc00000, 0x00000000acc00000, 0x00000000acd00000|  0%| F|  |TAMS 0x00000000acc00000, 0x00000000acc00000| Untracked 
| 169|0x00000000acd00000, 0x00000000acd00000, 0x00000000ace00000|  0%| F|  |TAMS 0x00000000acd00000, 0x00000000acd00000| Untracked 
| 170|0x00000000ace00000, 0x00000000ace00000, 0x00000000acf00000|  0%| F|  |TAMS 0x00000000ace00000, 0x00000000ace00000| Untracked 
| 171|0x00000000acf00000, 0x00000000acf00000, 0x00000000ad000000|  0%| F|  |TAMS 0x00000000acf00000, 0x00000000acf00000| Untracked 
| 172|0x00000000ad000000, 0x00000000ad000000, 0x00000000ad100000|  0%| F|  |TAMS 0x00000000ad000000, 0x00000000ad000000| Untracked 
| 173|0x00000000ad100000, 0x00000000ad100000, 0x00000000ad200000|  0%| F|  |TAMS 0x00000000ad100000, 0x00000000ad100000| Untracked 
| 174|0x00000000ad200000, 0x00000000ad200000, 0x00000000ad300000|  0%| F|  |TAMS 0x00000000ad200000, 0x00000000ad200000| Untracked 
| 175|0x00000000ad300000, 0x00000000ad300000, 0x00000000ad400000|  0%| F|  |TAMS 0x00000000ad300000, 0x00000000ad300000| Untracked 
| 176|0x00000000ad400000, 0x00000000ad400000, 0x00000000ad500000|  0%| F|  |TAMS 0x00000000ad400000, 0x00000000ad400000| Untracked 
| 177|0x00000000ad500000, 0x00000000ad500000, 0x00000000ad600000|  0%| F|  |TAMS 0x00000000ad500000, 0x00000000ad500000| Untracked 
| 178|0x00000000ad600000, 0x00000000ad600000, 0x00000000ad700000|  0%| F|  |TAMS 0x00000000ad600000, 0x00000000ad600000| Untracked 
| 179|0x00000000ad700000, 0x00000000ad700000, 0x00000000ad800000|  0%| F|  |TAMS 0x00000000ad700000, 0x00000000ad700000| Untracked 
| 180|0x00000000ad800000, 0x00000000ad800000, 0x00000000ad900000|  0%| F|  |TAMS 0x00000000ad800000, 0x00000000ad800000| Untracked 
| 181|0x00000000ad900000, 0x00000000ad900000, 0x00000000ada00000|  0%| F|  |TAMS 0x00000000ad900000, 0x00000000ad900000| Untracked 
| 182|0x00000000ada00000, 0x00000000ada00000, 0x00000000adb00000|  0%| F|  |TAMS 0x00000000ada00000, 0x00000000ada00000| Untracked 
| 183|0x00000000adb00000, 0x00000000adb00000, 0x00000000adc00000|  0%| F|  |TAMS 0x00000000adb00000, 0x00000000adb00000| Untracked 
| 184|0x00000000adc00000, 0x00000000adc00000, 0x00000000add00000|  0%| F|  |TAMS 0x00000000adc00000, 0x00000000adc00000| Untracked 
| 185|0x00000000add00000, 0x00000000add00000, 0x00000000ade00000|  0%| F|  |TAMS 0x00000000add00000, 0x00000000add00000| Untracked 
| 186|0x00000000ade00000, 0x00000000ade00000, 0x00000000adf00000|  0%| F|  |TAMS 0x00000000ade00000, 0x00000000ade00000| Untracked 
| 187|0x00000000adf00000, 0x00000000adf00000, 0x00000000ae000000|  0%| F|  |TAMS 0x00000000adf00000, 0x00000000adf00000| Untracked 
| 188|0x00000000ae000000, 0x00000000ae000000, 0x00000000ae100000|  0%| F|  |TAMS 0x00000000ae000000, 0x00000000ae000000| Untracked 
| 189|0x00000000ae100000, 0x00000000ae100000, 0x00000000ae200000|  0%| F|  |TAMS 0x00000000ae100000, 0x00000000ae100000| Untracked 
| 190|0x00000000ae200000, 0x00000000ae200000, 0x00000000ae300000|  0%| F|  |TAMS 0x00000000ae200000, 0x00000000ae200000| Untracked 
| 191|0x00000000ae300000, 0x00000000ae300000, 0x00000000ae400000|  0%| F|  |TAMS 0x00000000ae300000, 0x00000000ae300000| Untracked 
| 192|0x00000000ae400000, 0x00000000ae400000, 0x00000000ae500000|  0%| F|  |TAMS 0x00000000ae400000, 0x00000000ae400000| Untracked 
| 193|0x00000000ae500000, 0x00000000ae500000, 0x00000000ae600000|  0%| F|  |TAMS 0x00000000ae500000, 0x00000000ae500000| Untracked 
| 194|0x00000000ae600000, 0x00000000ae600000, 0x00000000ae700000|  0%| F|  |TAMS 0x00000000ae600000, 0x00000000ae600000| Untracked 
| 195|0x00000000ae700000, 0x00000000ae700000, 0x00000000ae800000|  0%| F|  |TAMS 0x00000000ae700000, 0x00000000ae700000| Untracked 
| 196|0x00000000ae800000, 0x00000000ae800000, 0x00000000ae900000|  0%| F|  |TAMS 0x00000000ae800000, 0x00000000ae800000| Untracked 
| 197|0x00000000ae900000, 0x00000000ae900000, 0x00000000aea00000|  0%| F|  |TAMS 0x00000000ae900000, 0x00000000ae900000| Untracked 
| 198|0x00000000aea00000, 0x00000000aea00000, 0x00000000aeb00000|  0%| F|  |TAMS 0x00000000aea00000, 0x00000000aea00000| Untracked 
| 199|0x00000000aeb00000, 0x00000000aeb00000, 0x00000000aec00000|  0%| F|  |TAMS 0x00000000aeb00000, 0x00000000aeb00000| Untracked 
| 200|0x00000000aec00000, 0x00000000aec00000, 0x00000000aed00000|  0%| F|  |TAMS 0x00000000aec00000, 0x00000000aec00000| Untracked 
| 201|0x00000000aed00000, 0x00000000aed00000, 0x00000000aee00000|  0%| F|  |TAMS 0x00000000aed00000, 0x00000000aed00000| Untracked 
| 202|0x00000000aee00000, 0x00000000aee00000, 0x00000000aef00000|  0%| F|  |TAMS 0x00000000aee00000, 0x00000000aee00000| Untracked 
| 203|0x00000000aef00000, 0x00000000aef00000, 0x00000000af000000|  0%| F|  |TAMS 0x00000000aef00000, 0x00000000aef00000| Untracked 
| 204|0x00000000af000000, 0x00000000af000000, 0x00000000af100000|  0%| F|  |TAMS 0x00000000af000000, 0x00000000af000000| Untracked 
| 205|0x00000000af100000, 0x00000000af100000, 0x00000000af200000|  0%| F|  |TAMS 0x00000000af100000, 0x00000000af100000| Untracked 
| 206|0x00000000af200000, 0x00000000af200000, 0x00000000af300000|  0%| F|  |TAMS 0x00000000af200000, 0x00000000af200000| Untracked 
| 207|0x00000000af300000, 0x00000000af300000, 0x00000000af400000|  0%| F|  |TAMS 0x00000000af300000, 0x00000000af300000| Untracked 
| 208|0x00000000af400000, 0x00000000af400000, 0x00000000af500000|  0%| F|  |TAMS 0x00000000af400000, 0x00000000af400000| Untracked 
| 209|0x00000000af500000, 0x00000000af500000, 0x00000000af600000|  0%| F|  |TAMS 0x00000000af500000, 0x00000000af500000| Untracked 
| 210|0x00000000af600000, 0x00000000af600000, 0x00000000af700000|  0%| F|  |TAMS 0x00000000af600000, 0x00000000af600000| Untracked 
| 211|0x00000000af700000, 0x00000000af700000, 0x00000000af800000|  0%| F|  |TAMS 0x00000000af700000, 0x00000000af700000| Untracked 
| 212|0x00000000af800000, 0x00000000af800000, 0x00000000af900000|  0%| F|  |TAMS 0x00000000af800000, 0x00000000af800000| Untracked 
| 213|0x00000000af900000, 0x00000000af900000, 0x00000000afa00000|  0%| F|  |TAMS 0x00000000af900000, 0x00000000af900000| Untracked 
| 214|0x00000000afa00000, 0x00000000afa00000, 0x00000000afb00000|  0%| F|  |TAMS 0x00000000afa00000, 0x00000000afa00000| Untracked 
| 215|0x00000000afb00000, 0x00000000afb00000, 0x00000000afc00000|  0%| F|  |TAMS 0x00000000afb00000, 0x00000000afb00000| Untracked 
| 216|0x00000000afc00000, 0x00000000afc00000, 0x00000000afd00000|  0%| F|  |TAMS 0x00000000afc00000, 0x00000000afc00000| Untracked 
| 217|0x00000000afd00000, 0x00000000afd00000, 0x00000000afe00000|  0%| F|  |TAMS 0x00000000afd00000, 0x00000000afd00000| Untracked 
| 218|0x00000000afe00000, 0x00000000afe00000, 0x00000000aff00000|  0%| F|  |TAMS 0x00000000afe00000, 0x00000000afe00000| Untracked 
| 219|0x00000000aff00000, 0x00000000aff00000, 0x00000000b0000000|  0%| F|  |TAMS 0x00000000aff00000, 0x00000000aff00000| Untracked 
| 220|0x00000000b0000000, 0x00000000b0000000, 0x00000000b0100000|  0%| F|  |TAMS 0x00000000b0000000, 0x00000000b0000000| Untracked 
| 221|0x00000000b0100000, 0x00000000b0100000, 0x00000000b0200000|  0%| F|  |TAMS 0x00000000b0100000, 0x00000000b0100000| Untracked 
| 222|0x00000000b0200000, 0x00000000b0200000, 0x00000000b0300000|  0%| F|  |TAMS 0x00000000b0200000, 0x00000000b0200000| Untracked 
| 223|0x00000000b0300000, 0x00000000b0300000, 0x00000000b0400000|  0%| F|  |TAMS 0x00000000b0300000, 0x00000000b0300000| Untracked 
| 224|0x00000000b0400000, 0x00000000b0400000, 0x00000000b0500000|  0%| F|  |TAMS 0x00000000b0400000, 0x00000000b0400000| Untracked 
| 225|0x00000000b0500000, 0x00000000b0500000, 0x00000000b0600000|  0%| F|  |TAMS 0x00000000b0500000, 0x00000000b0500000| Untracked 
| 226|0x00000000b0600000, 0x00000000b0600000, 0x00000000b0700000|  0%| F|  |TAMS 0x00000000b0600000, 0x00000000b0600000| Untracked 
| 227|0x00000000b0700000, 0x00000000b0700000, 0x00000000b0800000|  0%| F|  |TAMS 0x00000000b0700000, 0x00000000b0700000| Untracked 
| 228|0x00000000b0800000, 0x00000000b0800000, 0x00000000b0900000|  0%| F|  |TAMS 0x00000000b0800000, 0x00000000b0800000| Untracked 
| 229|0x00000000b0900000, 0x00000000b0900000, 0x00000000b0a00000|  0%| F|  |TAMS 0x00000000b0900000, 0x00000000b0900000| Untracked 
| 230|0x00000000b0a00000, 0x00000000b0a00000, 0x00000000b0b00000|  0%| F|  |TAMS 0x00000000b0a00000, 0x00000000b0a00000| Untracked 
| 231|0x00000000b0b00000, 0x00000000b0c00000, 0x00000000b0c00000|100%| S|CS|TAMS 0x00000000b0b00000, 0x00000000b0b00000| Complete 
| 232|0x00000000b0c00000, 0x00000000b0d00000, 0x00000000b0d00000|100%| S|CS|TAMS 0x00000000b0c00000, 0x00000000b0c00000| Complete 
| 233|0x00000000b0d00000, 0x00000000b0e00000, 0x00000000b0e00000|100%| S|CS|TAMS 0x00000000b0d00000, 0x00000000b0d00000| Complete 
| 234|0x00000000b0e00000, 0x00000000b0f00000, 0x00000000b0f00000|100%| S|CS|TAMS 0x00000000b0e00000, 0x00000000b0e00000| Complete 
| 235|0x00000000b0f00000, 0x00000000b1000000, 0x00000000b1000000|100%| S|CS|TAMS 0x00000000b0f00000, 0x00000000b0f00000| Complete 
| 236|0x00000000b1000000, 0x00000000b1100000, 0x00000000b1100000|100%| S|CS|TAMS 0x00000000b1000000, 0x00000000b1000000| Complete 
| 237|0x00000000b1100000, 0x00000000b1200000, 0x00000000b1200000|100%| S|CS|TAMS 0x00000000b1100000, 0x00000000b1100000| Complete 
| 238|0x00000000b1200000, 0x00000000b1300000, 0x00000000b1300000|100%| S|CS|TAMS 0x00000000b1200000, 0x00000000b1200000| Complete 
| 239|0x00000000b1300000, 0x00000000b1400000, 0x00000000b1400000|100%| S|CS|TAMS 0x00000000b1300000, 0x00000000b1300000| Complete 
| 240|0x00000000b1400000, 0x00000000b1500000, 0x00000000b1500000|100%| S|CS|TAMS 0x00000000b1400000, 0x00000000b1400000| Complete 
| 241|0x00000000b1500000, 0x00000000b1600000, 0x00000000b1600000|100%| S|CS|TAMS 0x00000000b1500000, 0x00000000b1500000| Complete 
| 242|0x00000000b1600000, 0x00000000b1700000, 0x00000000b1700000|100%| S|CS|TAMS 0x00000000b1600000, 0x00000000b1600000| Complete 
| 243|0x00000000b1700000, 0x00000000b1800000, 0x00000000b1800000|100%| S|CS|TAMS 0x00000000b1700000, 0x00000000b1700000| Complete 
| 244|0x00000000b1800000, 0x00000000b1900000, 0x00000000b1900000|100%| S|CS|TAMS 0x00000000b1800000, 0x00000000b1800000| Complete 
| 245|0x00000000b1900000, 0x00000000b1a00000, 0x00000000b1a00000|100%| S|CS|TAMS 0x00000000b1900000, 0x00000000b1900000| Complete 
| 246|0x00000000b1a00000, 0x00000000b1b00000, 0x00000000b1b00000|100%| S|CS|TAMS 0x00000000b1a00000, 0x00000000b1a00000| Complete 
| 247|0x00000000b1b00000, 0x00000000b1c00000, 0x00000000b1c00000|100%| S|CS|TAMS 0x00000000b1b00000, 0x00000000b1b00000| Complete 
| 248|0x00000000b1c00000, 0x00000000b1d00000, 0x00000000b1d00000|100%| S|CS|TAMS 0x00000000b1c00000, 0x00000000b1c00000| Complete 
| 249|0x00000000b1d00000, 0x00000000b1e00000, 0x00000000b1e00000|100%| S|CS|TAMS 0x00000000b1d00000, 0x00000000b1d00000| Complete 
| 250|0x00000000b1e00000, 0x00000000b1f00000, 0x00000000b1f00000|100%| S|CS|TAMS 0x00000000b1e00000, 0x00000000b1e00000| Complete 
| 251|0x00000000b1f00000, 0x00000000b2000000, 0x00000000b2000000|100%| S|CS|TAMS 0x00000000b1f00000, 0x00000000b1f00000| Complete 
| 252|0x00000000b2000000, 0x00000000b2100000, 0x00000000b2100000|100%| S|CS|TAMS 0x00000000b2000000, 0x00000000b2000000| Complete 
| 253|0x00000000b2100000, 0x00000000b2200000, 0x00000000b2200000|100%| S|CS|TAMS 0x00000000b2100000, 0x00000000b2100000| Complete 
| 254|0x00000000b2200000, 0x00000000b2300000, 0x00000000b2300000|100%| S|CS|TAMS 0x00000000b2200000, 0x00000000b2200000| Complete 
| 255|0x00000000b2300000, 0x00000000b2400000, 0x00000000b2400000|100%| S|CS|TAMS 0x00000000b2300000, 0x00000000b2300000| Complete 
| 256|0x00000000b2400000, 0x00000000b2500000, 0x00000000b2500000|100%| S|CS|TAMS 0x00000000b2400000, 0x00000000b2400000| Complete 
| 257|0x00000000b2500000, 0x00000000b2500000, 0x00000000b2600000|  0%| F|  |TAMS 0x00000000b2500000, 0x00000000b2500000| Untracked 
| 258|0x00000000b2600000, 0x00000000b2600000, 0x00000000b2700000|  0%| F|  |TAMS 0x00000000b2600000, 0x00000000b2600000| Untracked 
| 259|0x00000000b2700000, 0x00000000b2700000, 0x00000000b2800000|  0%| F|  |TAMS 0x00000000b2700000, 0x00000000b2700000| Untracked 
| 260|0x00000000b2800000, 0x00000000b2800000, 0x00000000b2900000|  0%| F|  |TAMS 0x00000000b2800000, 0x00000000b2800000| Untracked 
| 261|0x00000000b2900000, 0x00000000b2900000, 0x00000000b2a00000|  0%| F|  |TAMS 0x00000000b2900000, 0x00000000b2900000| Untracked 
| 262|0x00000000b2a00000, 0x00000000b2a00000, 0x00000000b2b00000|  0%| F|  |TAMS 0x00000000b2a00000, 0x00000000b2a00000| Untracked 
| 263|0x00000000b2b00000, 0x00000000b2b00000, 0x00000000b2c00000|  0%| F|  |TAMS 0x00000000b2b00000, 0x00000000b2b00000| Untracked 
| 264|0x00000000b2c00000, 0x00000000b2c00000, 0x00000000b2d00000|  0%| F|  |TAMS 0x00000000b2c00000, 0x00000000b2c00000| Untracked 
| 265|0x00000000b2d00000, 0x00000000b2d00000, 0x00000000b2e00000|  0%| F|  |TAMS 0x00000000b2d00000, 0x00000000b2d00000| Untracked 
| 266|0x00000000b2e00000, 0x00000000b2e00000, 0x00000000b2f00000|  0%| F|  |TAMS 0x00000000b2e00000, 0x00000000b2e00000| Untracked 
| 267|0x00000000b2f00000, 0x00000000b2f00000, 0x00000000b3000000|  0%| F|  |TAMS 0x00000000b2f00000, 0x00000000b2f00000| Untracked 
| 268|0x00000000b3000000, 0x00000000b3000000, 0x00000000b3100000|  0%| F|  |TAMS 0x00000000b3000000, 0x00000000b3000000| Untracked 
| 269|0x00000000b3100000, 0x00000000b3100000, 0x00000000b3200000|  0%| F|  |TAMS 0x00000000b3100000, 0x00000000b3100000| Untracked 
| 270|0x00000000b3200000, 0x00000000b3200000, 0x00000000b3300000|  0%| F|  |TAMS 0x00000000b3200000, 0x00000000b3200000| Untracked 
| 271|0x00000000b3300000, 0x00000000b3300000, 0x00000000b3400000|  0%| F|  |TAMS 0x00000000b3300000, 0x00000000b3300000| Untracked 
| 272|0x00000000b3400000, 0x00000000b3400000, 0x00000000b3500000|  0%| F|  |TAMS 0x00000000b3400000, 0x00000000b3400000| Untracked 
| 273|0x00000000b3500000, 0x00000000b3500000, 0x00000000b3600000|  0%| F|  |TAMS 0x00000000b3500000, 0x00000000b3500000| Untracked 
| 274|0x00000000b3600000, 0x00000000b3600000, 0x00000000b3700000|  0%| F|  |TAMS 0x00000000b3600000, 0x00000000b3600000| Untracked 
| 275|0x00000000b3700000, 0x00000000b3700000, 0x00000000b3800000|  0%| F|  |TAMS 0x00000000b3700000, 0x00000000b3700000| Untracked 
| 276|0x00000000b3800000, 0x00000000b3800000, 0x00000000b3900000|  0%| F|  |TAMS 0x00000000b3800000, 0x00000000b3800000| Untracked 
| 277|0x00000000b3900000, 0x00000000b3900000, 0x00000000b3a00000|  0%| F|  |TAMS 0x00000000b3900000, 0x00000000b3900000| Untracked 
| 278|0x00000000b3a00000, 0x00000000b3a00000, 0x00000000b3b00000|  0%| F|  |TAMS 0x00000000b3a00000, 0x00000000b3a00000| Untracked 
| 279|0x00000000b3b00000, 0x00000000b3b00000, 0x00000000b3c00000|  0%| F|  |TAMS 0x00000000b3b00000, 0x00000000b3b00000| Untracked 
| 280|0x00000000b3c00000, 0x00000000b3c00000, 0x00000000b3d00000|  0%| F|  |TAMS 0x00000000b3c00000, 0x00000000b3c00000| Untracked 
| 281|0x00000000b3d00000, 0x00000000b3d00000, 0x00000000b3e00000|  0%| F|  |TAMS 0x00000000b3d00000, 0x00000000b3d00000| Untracked 
| 282|0x00000000b3e00000, 0x00000000b3e00000, 0x00000000b3f00000|  0%| F|  |TAMS 0x00000000b3e00000, 0x00000000b3e00000| Untracked 
| 283|0x00000000b3f00000, 0x00000000b3f00000, 0x00000000b4000000|  0%| F|  |TAMS 0x00000000b3f00000, 0x00000000b3f00000| Untracked 
| 284|0x00000000b4000000, 0x00000000b4000000, 0x00000000b4100000|  0%| F|  |TAMS 0x00000000b4000000, 0x00000000b4000000| Untracked 
| 285|0x00000000b4100000, 0x00000000b4100000, 0x00000000b4200000|  0%| F|  |TAMS 0x00000000b4100000, 0x00000000b4100000| Untracked 
| 286|0x00000000b4200000, 0x00000000b4200000, 0x00000000b4300000|  0%| F|  |TAMS 0x00000000b4200000, 0x00000000b4200000| Untracked 
| 287|0x00000000b4300000, 0x00000000b4300000, 0x00000000b4400000|  0%| F|  |TAMS 0x00000000b4300000, 0x00000000b4300000| Untracked 
| 288|0x00000000b4400000, 0x00000000b4400000, 0x00000000b4500000|  0%| F|  |TAMS 0x00000000b4400000, 0x00000000b4400000| Untracked 
| 289|0x00000000b4500000, 0x00000000b4500000, 0x00000000b4600000|  0%| F|  |TAMS 0x00000000b4500000, 0x00000000b4500000| Untracked 
| 290|0x00000000b4600000, 0x00000000b4600000, 0x00000000b4700000|  0%| F|  |TAMS 0x00000000b4600000, 0x00000000b4600000| Untracked 
| 291|0x00000000b4700000, 0x00000000b4700000, 0x00000000b4800000|  0%| F|  |TAMS 0x00000000b4700000, 0x00000000b4700000| Untracked 
| 292|0x00000000b4800000, 0x00000000b4800000, 0x00000000b4900000|  0%| F|  |TAMS 0x00000000b4800000, 0x00000000b4800000| Untracked 
| 293|0x00000000b4900000, 0x00000000b4900000, 0x00000000b4a00000|  0%| F|  |TAMS 0x00000000b4900000, 0x00000000b4900000| Untracked 
| 294|0x00000000b4a00000, 0x00000000b4a00000, 0x00000000b4b00000|  0%| F|  |TAMS 0x00000000b4a00000, 0x00000000b4a00000| Untracked 
| 295|0x00000000b4b00000, 0x00000000b4b00000, 0x00000000b4c00000|  0%| F|  |TAMS 0x00000000b4b00000, 0x00000000b4b00000| Untracked 
| 296|0x00000000b4c00000, 0x00000000b4c00000, 0x00000000b4d00000|  0%| F|  |TAMS 0x00000000b4c00000, 0x00000000b4c00000| Untracked 
| 297|0x00000000b4d00000, 0x00000000b4d00000, 0x00000000b4e00000|  0%| F|  |TAMS 0x00000000b4d00000, 0x00000000b4d00000| Untracked 
| 298|0x00000000b4e00000, 0x00000000b4e00000, 0x00000000b4f00000|  0%| F|  |TAMS 0x00000000b4e00000, 0x00000000b4e00000| Untracked 
| 299|0x00000000b4f00000, 0x00000000b4f00000, 0x00000000b5000000|  0%| F|  |TAMS 0x00000000b4f00000, 0x00000000b4f00000| Untracked 
| 300|0x00000000b5000000, 0x00000000b5000000, 0x00000000b5100000|  0%| F|  |TAMS 0x00000000b5000000, 0x00000000b5000000| Untracked 
| 301|0x00000000b5100000, 0x00000000b5100000, 0x00000000b5200000|  0%| F|  |TAMS 0x00000000b5100000, 0x00000000b5100000| Untracked 
| 302|0x00000000b5200000, 0x00000000b5200000, 0x00000000b5300000|  0%| F|  |TAMS 0x00000000b5200000, 0x00000000b5200000| Untracked 
| 303|0x00000000b5300000, 0x00000000b5300000, 0x00000000b5400000|  0%| F|  |TAMS 0x00000000b5300000, 0x00000000b5300000| Untracked 
| 304|0x00000000b5400000, 0x00000000b5400000, 0x00000000b5500000|  0%| F|  |TAMS 0x00000000b5400000, 0x00000000b5400000| Untracked 
| 305|0x00000000b5500000, 0x00000000b5500000, 0x00000000b5600000|  0%| F|  |TAMS 0x00000000b5500000, 0x00000000b5500000| Untracked 
| 306|0x00000000b5600000, 0x00000000b5600000, 0x00000000b5700000|  0%| F|  |TAMS 0x00000000b5600000, 0x00000000b5600000| Untracked 
| 307|0x00000000b5700000, 0x00000000b5700000, 0x00000000b5800000|  0%| F|  |TAMS 0x00000000b5700000, 0x00000000b5700000| Untracked 
| 308|0x00000000b5800000, 0x00000000b5800000, 0x00000000b5900000|  0%| F|  |TAMS 0x00000000b5800000, 0x00000000b5800000| Untracked 
| 309|0x00000000b5900000, 0x00000000b5900000, 0x00000000b5a00000|  0%| F|  |TAMS 0x00000000b5900000, 0x00000000b5900000| Untracked 
| 310|0x00000000b5a00000, 0x00000000b5a00000, 0x00000000b5b00000|  0%| F|  |TAMS 0x00000000b5a00000, 0x00000000b5a00000| Untracked 
| 311|0x00000000b5b00000, 0x00000000b5b00000, 0x00000000b5c00000|  0%| F|  |TAMS 0x00000000b5b00000, 0x00000000b5b00000| Untracked 
| 312|0x00000000b5c00000, 0x00000000b5c00000, 0x00000000b5d00000|  0%| F|  |TAMS 0x00000000b5c00000, 0x00000000b5c00000| Untracked 
| 313|0x00000000b5d00000, 0x00000000b5d00000, 0x00000000b5e00000|  0%| F|  |TAMS 0x00000000b5d00000, 0x00000000b5d00000| Untracked 
| 314|0x00000000b5e00000, 0x00000000b5e00000, 0x00000000b5f00000|  0%| F|  |TAMS 0x00000000b5e00000, 0x00000000b5e00000| Untracked 
| 315|0x00000000b5f00000, 0x00000000b5f00000, 0x00000000b6000000|  0%| F|  |TAMS 0x00000000b5f00000, 0x00000000b5f00000| Untracked 
| 316|0x00000000b6000000, 0x00000000b6000000, 0x00000000b6100000|  0%| F|  |TAMS 0x00000000b6000000, 0x00000000b6000000| Untracked 
| 317|0x00000000b6100000, 0x00000000b6100000, 0x00000000b6200000|  0%| F|  |TAMS 0x00000000b6100000, 0x00000000b6100000| Untracked 
| 318|0x00000000b6200000, 0x00000000b6200000, 0x00000000b6300000|  0%| F|  |TAMS 0x00000000b6200000, 0x00000000b6200000| Untracked 
| 319|0x00000000b6300000, 0x00000000b6300000, 0x00000000b6400000|  0%| F|  |TAMS 0x00000000b6300000, 0x00000000b6300000| Untracked 
| 320|0x00000000b6400000, 0x00000000b6400000, 0x00000000b6500000|  0%| F|  |TAMS 0x00000000b6400000, 0x00000000b6400000| Untracked 
| 321|0x00000000b6500000, 0x00000000b6500000, 0x00000000b6600000|  0%| F|  |TAMS 0x00000000b6500000, 0x00000000b6500000| Untracked 
| 322|0x00000000b6600000, 0x00000000b6600000, 0x00000000b6700000|  0%| F|  |TAMS 0x00000000b6600000, 0x00000000b6600000| Untracked 
| 323|0x00000000b6700000, 0x00000000b6700000, 0x00000000b6800000|  0%| F|  |TAMS 0x00000000b6700000, 0x00000000b6700000| Untracked 
| 324|0x00000000b6800000, 0x00000000b6800000, 0x00000000b6900000|  0%| F|  |TAMS 0x00000000b6800000, 0x00000000b6800000| Untracked 
| 325|0x00000000b6900000, 0x00000000b6900000, 0x00000000b6a00000|  0%| F|  |TAMS 0x00000000b6900000, 0x00000000b6900000| Untracked 
| 326|0x00000000b6a00000, 0x00000000b6a00000, 0x00000000b6b00000|  0%| F|  |TAMS 0x00000000b6a00000, 0x00000000b6a00000| Untracked 
| 327|0x00000000b6b00000, 0x00000000b6b00000, 0x00000000b6c00000|  0%| F|  |TAMS 0x00000000b6b00000, 0x00000000b6b00000| Untracked 
| 328|0x00000000b6c00000, 0x00000000b6c00000, 0x00000000b6d00000|  0%| F|  |TAMS 0x00000000b6c00000, 0x00000000b6c00000| Untracked 
| 329|0x00000000b6d00000, 0x00000000b6d00000, 0x00000000b6e00000|  0%| F|  |TAMS 0x00000000b6d00000, 0x00000000b6d00000| Untracked 
| 330|0x00000000b6e00000, 0x00000000b6e00000, 0x00000000b6f00000|  0%| F|  |TAMS 0x00000000b6e00000, 0x00000000b6e00000| Untracked 
| 331|0x00000000b6f00000, 0x00000000b6f00000, 0x00000000b7000000|  0%| F|  |TAMS 0x00000000b6f00000, 0x00000000b6f00000| Untracked 
| 332|0x00000000b7000000, 0x00000000b7000000, 0x00000000b7100000|  0%| F|  |TAMS 0x00000000b7000000, 0x00000000b7000000| Untracked 
| 333|0x00000000b7100000, 0x00000000b7100000, 0x00000000b7200000|  0%| F|  |TAMS 0x00000000b7100000, 0x00000000b7100000| Untracked 
| 334|0x00000000b7200000, 0x00000000b7200000, 0x00000000b7300000|  0%| F|  |TAMS 0x00000000b7200000, 0x00000000b7200000| Untracked 
| 335|0x00000000b7300000, 0x00000000b7300000, 0x00000000b7400000|  0%| F|  |TAMS 0x00000000b7300000, 0x00000000b7300000| Untracked 
| 336|0x00000000b7400000, 0x00000000b7400000, 0x00000000b7500000|  0%| F|  |TAMS 0x00000000b7400000, 0x00000000b7400000| Untracked 
| 337|0x00000000b7500000, 0x00000000b7500000, 0x00000000b7600000|  0%| F|  |TAMS 0x00000000b7500000, 0x00000000b7500000| Untracked 
| 338|0x00000000b7600000, 0x00000000b7600000, 0x00000000b7700000|  0%| F|  |TAMS 0x00000000b7600000, 0x00000000b7600000| Untracked 
| 339|0x00000000b7700000, 0x00000000b7700000, 0x00000000b7800000|  0%| F|  |TAMS 0x00000000b7700000, 0x00000000b7700000| Untracked 
| 340|0x00000000b7800000, 0x00000000b7800000, 0x00000000b7900000|  0%| F|  |TAMS 0x00000000b7800000, 0x00000000b7800000| Untracked 
| 341|0x00000000b7900000, 0x00000000b7900000, 0x00000000b7a00000|  0%| F|  |TAMS 0x00000000b7900000, 0x00000000b7900000| Untracked 
| 342|0x00000000b7a00000, 0x00000000b7a00000, 0x00000000b7b00000|  0%| F|  |TAMS 0x00000000b7a00000, 0x00000000b7a00000| Untracked 
| 343|0x00000000b7b00000, 0x00000000b7b00000, 0x00000000b7c00000|  0%| F|  |TAMS 0x00000000b7b00000, 0x00000000b7b00000| Untracked 
| 344|0x00000000b7c00000, 0x00000000b7c00000, 0x00000000b7d00000|  0%| F|  |TAMS 0x00000000b7c00000, 0x00000000b7c00000| Untracked 
| 345|0x00000000b7d00000, 0x00000000b7d00000, 0x00000000b7e00000|  0%| F|  |TAMS 0x00000000b7d00000, 0x00000000b7d00000| Untracked 
| 346|0x00000000b7e00000, 0x00000000b7e00000, 0x00000000b7f00000|  0%| F|  |TAMS 0x00000000b7e00000, 0x00000000b7e00000| Untracked 
| 347|0x00000000b7f00000, 0x00000000b7f00000, 0x00000000b8000000|  0%| F|  |TAMS 0x00000000b7f00000, 0x00000000b7f00000| Untracked 
| 348|0x00000000b8000000, 0x00000000b8000000, 0x00000000b8100000|  0%| F|  |TAMS 0x00000000b8000000, 0x00000000b8000000| Untracked 
| 349|0x00000000b8100000, 0x00000000b8100000, 0x00000000b8200000|  0%| F|  |TAMS 0x00000000b8100000, 0x00000000b8100000| Untracked 
| 350|0x00000000b8200000, 0x00000000b8200000, 0x00000000b8300000|  0%| F|  |TAMS 0x00000000b8200000, 0x00000000b8200000| Untracked 
| 351|0x00000000b8300000, 0x00000000b8300000, 0x00000000b8400000|  0%| F|  |TAMS 0x00000000b8300000, 0x00000000b8300000| Untracked 
| 352|0x00000000b8400000, 0x00000000b8400000, 0x00000000b8500000|  0%| F|  |TAMS 0x00000000b8400000, 0x00000000b8400000| Untracked 
| 353|0x00000000b8500000, 0x00000000b8500000, 0x00000000b8600000|  0%| F|  |TAMS 0x00000000b8500000, 0x00000000b8500000| Untracked 
| 354|0x00000000b8600000, 0x00000000b8600000, 0x00000000b8700000|  0%| F|  |TAMS 0x00000000b8600000, 0x00000000b8600000| Untracked 
| 355|0x00000000b8700000, 0x00000000b8700000, 0x00000000b8800000|  0%| F|  |TAMS 0x00000000b8700000, 0x00000000b8700000| Untracked 
| 356|0x00000000b8800000, 0x00000000b8800000, 0x00000000b8900000|  0%| F|  |TAMS 0x00000000b8800000, 0x00000000b8800000| Untracked 
| 357|0x00000000b8900000, 0x00000000b8900000, 0x00000000b8a00000|  0%| F|  |TAMS 0x00000000b8900000, 0x00000000b8900000| Untracked 
| 358|0x00000000b8a00000, 0x00000000b8a00000, 0x00000000b8b00000|  0%| F|  |TAMS 0x00000000b8a00000, 0x00000000b8a00000| Untracked 
| 359|0x00000000b8b00000, 0x00000000b8b00000, 0x00000000b8c00000|  0%| F|  |TAMS 0x00000000b8b00000, 0x00000000b8b00000| Untracked 
| 360|0x00000000b8c00000, 0x00000000b8c00000, 0x00000000b8d00000|  0%| F|  |TAMS 0x00000000b8c00000, 0x00000000b8c00000| Untracked 
| 361|0x00000000b8d00000, 0x00000000b8d00000, 0x00000000b8e00000|  0%| F|  |TAMS 0x00000000b8d00000, 0x00000000b8d00000| Untracked 
| 362|0x00000000b8e00000, 0x00000000b8e00000, 0x00000000b8f00000|  0%| F|  |TAMS 0x00000000b8e00000, 0x00000000b8e00000| Untracked 
| 363|0x00000000b8f00000, 0x00000000b8f00000, 0x00000000b9000000|  0%| F|  |TAMS 0x00000000b8f00000, 0x00000000b8f00000| Untracked 
| 364|0x00000000b9000000, 0x00000000b9000000, 0x00000000b9100000|  0%| F|  |TAMS 0x00000000b9000000, 0x00000000b9000000| Untracked 
| 365|0x00000000b9100000, 0x00000000b9100000, 0x00000000b9200000|  0%| F|  |TAMS 0x00000000b9100000, 0x00000000b9100000| Untracked 
| 366|0x00000000b9200000, 0x00000000b9200000, 0x00000000b9300000|  0%| F|  |TAMS 0x00000000b9200000, 0x00000000b9200000| Untracked 
| 367|0x00000000b9300000, 0x00000000b9300000, 0x00000000b9400000|  0%| F|  |TAMS 0x00000000b9300000, 0x00000000b9300000| Untracked 
| 368|0x00000000b9400000, 0x00000000b9400000, 0x00000000b9500000|  0%| F|  |TAMS 0x00000000b9400000, 0x00000000b9400000| Untracked 
| 369|0x00000000b9500000, 0x00000000b9500000, 0x00000000b9600000|  0%| F|  |TAMS 0x00000000b9500000, 0x00000000b9500000| Untracked 
| 370|0x00000000b9600000, 0x00000000b9600000, 0x00000000b9700000|  0%| F|  |TAMS 0x00000000b9600000, 0x00000000b9600000| Untracked 
| 371|0x00000000b9700000, 0x00000000b9700000, 0x00000000b9800000|  0%| F|  |TAMS 0x00000000b9700000, 0x00000000b9700000| Untracked 
| 372|0x00000000b9800000, 0x00000000b9800000, 0x00000000b9900000|  0%| F|  |TAMS 0x00000000b9800000, 0x00000000b9800000| Untracked 
| 373|0x00000000b9900000, 0x00000000b9900000, 0x00000000b9a00000|  0%| F|  |TAMS 0x00000000b9900000, 0x00000000b9900000| Untracked 
| 374|0x00000000b9a00000, 0x00000000b9a00000, 0x00000000b9b00000|  0%| F|  |TAMS 0x00000000b9a00000, 0x00000000b9a00000| Untracked 
| 375|0x00000000b9b00000, 0x00000000b9b00000, 0x00000000b9c00000|  0%| F|  |TAMS 0x00000000b9b00000, 0x00000000b9b00000| Untracked 
| 376|0x00000000b9c00000, 0x00000000b9c00000, 0x00000000b9d00000|  0%| F|  |TAMS 0x00000000b9c00000, 0x00000000b9c00000| Untracked 
| 377|0x00000000b9d00000, 0x00000000b9d00000, 0x00000000b9e00000|  0%| F|  |TAMS 0x00000000b9d00000, 0x00000000b9d00000| Untracked 
| 378|0x00000000b9e00000, 0x00000000b9e00000, 0x00000000b9f00000|  0%| F|  |TAMS 0x00000000b9e00000, 0x00000000b9e00000| Untracked 
| 379|0x00000000b9f00000, 0x00000000b9f00000, 0x00000000ba000000|  0%| F|  |TAMS 0x00000000b9f00000, 0x00000000b9f00000| Untracked 
| 380|0x00000000ba000000, 0x00000000ba000000, 0x00000000ba100000|  0%| F|  |TAMS 0x00000000ba000000, 0x00000000ba000000| Untracked 
| 381|0x00000000ba100000, 0x00000000ba100000, 0x00000000ba200000|  0%| F|  |TAMS 0x00000000ba100000, 0x00000000ba100000| Untracked 
| 382|0x00000000ba200000, 0x00000000ba200000, 0x00000000ba300000|  0%| F|  |TAMS 0x00000000ba200000, 0x00000000ba200000| Untracked 
| 383|0x00000000ba300000, 0x00000000ba300000, 0x00000000ba400000|  0%| F|  |TAMS 0x00000000ba300000, 0x00000000ba300000| Untracked 
| 384|0x00000000ba400000, 0x00000000ba400000, 0x00000000ba500000|  0%| F|  |TAMS 0x00000000ba400000, 0x00000000ba400000| Untracked 
| 385|0x00000000ba500000, 0x00000000ba500000, 0x00000000ba600000|  0%| F|  |TAMS 0x00000000ba500000, 0x00000000ba500000| Untracked 
| 386|0x00000000ba600000, 0x00000000ba600000, 0x00000000ba700000|  0%| F|  |TAMS 0x00000000ba600000, 0x00000000ba600000| Untracked 
| 387|0x00000000ba700000, 0x00000000ba700000, 0x00000000ba800000|  0%| F|  |TAMS 0x00000000ba700000, 0x00000000ba700000| Untracked 
| 388|0x00000000ba800000, 0x00000000ba800000, 0x00000000ba900000|  0%| F|  |TAMS 0x00000000ba800000, 0x00000000ba800000| Untracked 
| 389|0x00000000ba900000, 0x00000000ba900000, 0x00000000baa00000|  0%| F|  |TAMS 0x00000000ba900000, 0x00000000ba900000| Untracked 
| 390|0x00000000baa00000, 0x00000000baa00000, 0x00000000bab00000|  0%| F|  |TAMS 0x00000000baa00000, 0x00000000baa00000| Untracked 
| 391|0x00000000bab00000, 0x00000000bab00000, 0x00000000bac00000|  0%| F|  |TAMS 0x00000000bab00000, 0x00000000bab00000| Untracked 
| 392|0x00000000bac00000, 0x00000000bac00000, 0x00000000bad00000|  0%| F|  |TAMS 0x00000000bac00000, 0x00000000bac00000| Untracked 
| 393|0x00000000bad00000, 0x00000000bad00000, 0x00000000bae00000|  0%| F|  |TAMS 0x00000000bad00000, 0x00000000bad00000| Untracked 
| 394|0x00000000bae00000, 0x00000000bae00800, 0x00000000baf00000|  0%| E|  |TAMS 0x00000000bae00000, 0x00000000bae00000| Complete 
| 395|0x00000000baf00000, 0x00000000bb000000, 0x00000000bb000000|100%| E|CS|TAMS 0x00000000baf00000, 0x00000000baf00000| Complete 
| 396|0x00000000bb000000, 0x00000000bb100000, 0x00000000bb100000|100%| E|CS|TAMS 0x00000000bb000000, 0x00000000bb000000| Complete 
| 397|0x00000000bb100000, 0x00000000bb200000, 0x00000000bb200000|100%| E|CS|TAMS 0x00000000bb100000, 0x00000000bb100000| Complete 
| 398|0x00000000bb200000, 0x00000000bb300000, 0x00000000bb300000|100%| E|CS|TAMS 0x00000000bb200000, 0x00000000bb200000| Complete 
| 399|0x00000000bb300000, 0x00000000bb400000, 0x00000000bb400000|100%| E|CS|TAMS 0x00000000bb300000, 0x00000000bb300000| Complete 
| 400|0x00000000bb400000, 0x00000000bb500000, 0x00000000bb500000|100%| E|CS|TAMS 0x00000000bb400000, 0x00000000bb400000| Complete 
| 401|0x00000000bb500000, 0x00000000bb600000, 0x00000000bb600000|100%| E|CS|TAMS 0x00000000bb500000, 0x00000000bb500000| Complete 
| 402|0x00000000bb600000, 0x00000000bb700000, 0x00000000bb700000|100%| E|CS|TAMS 0x00000000bb600000, 0x00000000bb600000| Complete 
| 403|0x00000000bb700000, 0x00000000bb800000, 0x00000000bb800000|100%| E|CS|TAMS 0x00000000bb700000, 0x00000000bb700000| Complete 
| 404|0x00000000bb800000, 0x00000000bb900000, 0x00000000bb900000|100%| E|CS|TAMS 0x00000000bb800000, 0x00000000bb800000| Complete 
| 405|0x00000000bb900000, 0x00000000bba00000, 0x00000000bba00000|100%| E|CS|TAMS 0x00000000bb900000, 0x00000000bb900000| Complete 
| 406|0x00000000bba00000, 0x00000000bbb00000, 0x00000000bbb00000|100%| E|CS|TAMS 0x00000000bba00000, 0x00000000bba00000| Complete 
| 407|0x00000000bbb00000, 0x00000000bbc00000, 0x00000000bbc00000|100%| E|CS|TAMS 0x00000000bbb00000, 0x00000000bbb00000| Complete 
| 408|0x00000000bbc00000, 0x00000000bbd00000, 0x00000000bbd00000|100%| E|CS|TAMS 0x00000000bbc00000, 0x00000000bbc00000| Complete 
| 409|0x00000000bbd00000, 0x00000000bbe00000, 0x00000000bbe00000|100%| E|CS|TAMS 0x00000000bbd00000, 0x00000000bbd00000| Complete 
| 410|0x00000000bbe00000, 0x00000000bbf00000, 0x00000000bbf00000|100%| E|CS|TAMS 0x00000000bbe00000, 0x00000000bbe00000| Complete 
| 411|0x00000000bbf00000, 0x00000000bc000000, 0x00000000bc000000|100%| E|CS|TAMS 0x00000000bbf00000, 0x00000000bbf00000| Complete 
| 412|0x00000000bc000000, 0x00000000bc100000, 0x00000000bc100000|100%| E|CS|TAMS 0x00000000bc000000, 0x00000000bc000000| Complete 
| 413|0x00000000bc100000, 0x00000000bc200000, 0x00000000bc200000|100%| E|CS|TAMS 0x00000000bc100000, 0x00000000bc100000| Complete 
| 414|0x00000000bc200000, 0x00000000bc300000, 0x00000000bc300000|100%| E|CS|TAMS 0x00000000bc200000, 0x00000000bc200000| Complete 
| 415|0x00000000bc300000, 0x00000000bc400000, 0x00000000bc400000|100%| E|CS|TAMS 0x00000000bc300000, 0x00000000bc300000| Complete 
| 416|0x00000000bc400000, 0x00000000bc500000, 0x00000000bc500000|100%| E|CS|TAMS 0x00000000bc400000, 0x00000000bc400000| Complete 
| 417|0x00000000bc500000, 0x00000000bc600000, 0x00000000bc600000|100%| E|CS|TAMS 0x00000000bc500000, 0x00000000bc500000| Complete 
| 418|0x00000000bc600000, 0x00000000bc700000, 0x00000000bc700000|100%| E|CS|TAMS 0x00000000bc600000, 0x00000000bc600000| Complete 
| 419|0x00000000bc700000, 0x00000000bc800000, 0x00000000bc800000|100%| E|CS|TAMS 0x00000000bc700000, 0x00000000bc700000| Complete 
| 420|0x00000000bc800000, 0x00000000bc900000, 0x00000000bc900000|100%| E|CS|TAMS 0x00000000bc800000, 0x00000000bc800000| Complete 
| 421|0x00000000bc900000, 0x00000000bca00000, 0x00000000bca00000|100%| E|CS|TAMS 0x00000000bc900000, 0x00000000bc900000| Complete 
| 422|0x00000000bca00000, 0x00000000bcb00000, 0x00000000bcb00000|100%| E|CS|TAMS 0x00000000bca00000, 0x00000000bca00000| Complete 
| 423|0x00000000bcb00000, 0x00000000bcc00000, 0x00000000bcc00000|100%| E|CS|TAMS 0x00000000bcb00000, 0x00000000bcb00000| Complete 
| 424|0x00000000bcc00000, 0x00000000bcd00000, 0x00000000bcd00000|100%| E|CS|TAMS 0x00000000bcc00000, 0x00000000bcc00000| Complete 
| 425|0x00000000bcd00000, 0x00000000bce00000, 0x00000000bce00000|100%| E|CS|TAMS 0x00000000bcd00000, 0x00000000bcd00000| Complete 
| 426|0x00000000bce00000, 0x00000000bcf00000, 0x00000000bcf00000|100%| E|CS|TAMS 0x00000000bce00000, 0x00000000bce00000| Complete 
| 427|0x00000000bcf00000, 0x00000000bd000000, 0x00000000bd000000|100%| E|CS|TAMS 0x00000000bcf00000, 0x00000000bcf00000| Complete 
| 428|0x00000000bd000000, 0x00000000bd100000, 0x00000000bd100000|100%| E|CS|TAMS 0x00000000bd000000, 0x00000000bd000000| Complete 
| 429|0x00000000bd100000, 0x00000000bd200000, 0x00000000bd200000|100%| E|CS|TAMS 0x00000000bd100000, 0x00000000bd100000| Complete 
| 430|0x00000000bd200000, 0x00000000bd300000, 0x00000000bd300000|100%| E|CS|TAMS 0x00000000bd200000, 0x00000000bd200000| Complete 
| 431|0x00000000bd300000, 0x00000000bd400000, 0x00000000bd400000|100%| E|CS|TAMS 0x00000000bd300000, 0x00000000bd300000| Complete 
| 432|0x00000000bd400000, 0x00000000bd500000, 0x00000000bd500000|100%| E|CS|TAMS 0x00000000bd400000, 0x00000000bd400000| Complete 
| 433|0x00000000bd500000, 0x00000000bd600000, 0x00000000bd600000|100%| E|CS|TAMS 0x00000000bd500000, 0x00000000bd500000| Complete 
| 434|0x00000000bd600000, 0x00000000bd700000, 0x00000000bd700000|100%| E|CS|TAMS 0x00000000bd600000, 0x00000000bd600000| Complete 
| 435|0x00000000bd700000, 0x00000000bd800000, 0x00000000bd800000|100%| E|CS|TAMS 0x00000000bd700000, 0x00000000bd700000| Complete 
| 436|0x00000000bd800000, 0x00000000bd900000, 0x00000000bd900000|100%| E|CS|TAMS 0x00000000bd800000, 0x00000000bd800000| Complete 
| 437|0x00000000bd900000, 0x00000000bda00000, 0x00000000bda00000|100%| E|CS|TAMS 0x00000000bd900000, 0x00000000bd900000| Complete 
| 438|0x00000000bda00000, 0x00000000bdb00000, 0x00000000bdb00000|100%| E|CS|TAMS 0x00000000bda00000, 0x00000000bda00000| Complete 
| 439|0x00000000bdb00000, 0x00000000bdc00000, 0x00000000bdc00000|100%| E|CS|TAMS 0x00000000bdb00000, 0x00000000bdb00000| Complete 
| 440|0x00000000bdc00000, 0x00000000bdd00000, 0x00000000bdd00000|100%| E|CS|TAMS 0x00000000bdc00000, 0x00000000bdc00000| Complete 
| 441|0x00000000bdd00000, 0x00000000bde00000, 0x00000000bde00000|100%| E|CS|TAMS 0x00000000bdd00000, 0x00000000bdd00000| Complete 
| 442|0x00000000bde00000, 0x00000000bdf00000, 0x00000000bdf00000|100%| E|CS|TAMS 0x00000000bde00000, 0x00000000bde00000| Complete 
| 443|0x00000000bdf00000, 0x00000000be000000, 0x00000000be000000|100%| E|CS|TAMS 0x00000000bdf00000, 0x00000000bdf00000| Complete 
| 444|0x00000000be000000, 0x00000000be100000, 0x00000000be100000|100%| E|CS|TAMS 0x00000000be000000, 0x00000000be000000| Complete 
| 445|0x00000000be100000, 0x00000000be200000, 0x00000000be200000|100%| E|CS|TAMS 0x00000000be100000, 0x00000000be100000| Complete 
| 446|0x00000000be200000, 0x00000000be300000, 0x00000000be300000|100%| E|CS|TAMS 0x00000000be200000, 0x00000000be200000| Complete 
| 447|0x00000000be300000, 0x00000000be400000, 0x00000000be400000|100%| E|CS|TAMS 0x00000000be300000, 0x00000000be300000| Complete 
| 448|0x00000000be400000, 0x00000000be500000, 0x00000000be500000|100%| E|CS|TAMS 0x00000000be400000, 0x00000000be400000| Complete 
| 449|0x00000000be500000, 0x00000000be600000, 0x00000000be600000|100%| E|CS|TAMS 0x00000000be500000, 0x00000000be500000| Complete 
| 450|0x00000000be600000, 0x00000000be700000, 0x00000000be700000|100%| E|CS|TAMS 0x00000000be600000, 0x00000000be600000| Complete 
| 451|0x00000000be700000, 0x00000000be800000, 0x00000000be800000|100%| E|CS|TAMS 0x00000000be700000, 0x00000000be700000| Complete 
| 452|0x00000000be800000, 0x00000000be900000, 0x00000000be900000|100%| E|CS|TAMS 0x00000000be800000, 0x00000000be800000| Complete 
| 453|0x00000000be900000, 0x00000000bea00000, 0x00000000bea00000|100%| E|CS|TAMS 0x00000000be900000, 0x00000000be900000| Complete 
| 454|0x00000000bea00000, 0x00000000beb00000, 0x00000000beb00000|100%| E|CS|TAMS 0x00000000bea00000, 0x00000000bea00000| Complete 
| 455|0x00000000beb00000, 0x00000000bec00000, 0x00000000bec00000|100%| E|CS|TAMS 0x00000000beb00000, 0x00000000beb00000| Complete 
| 456|0x00000000bec00000, 0x00000000bed00000, 0x00000000bed00000|100%| E|CS|TAMS 0x00000000bec00000, 0x00000000bec00000| Complete 
| 457|0x00000000bed00000, 0x00000000bee00000, 0x00000000bee00000|100%| E|CS|TAMS 0x00000000bed00000, 0x00000000bed00000| Complete 
| 458|0x00000000bee00000, 0x00000000bef00000, 0x00000000bef00000|100%| E|CS|TAMS 0x00000000bee00000, 0x00000000bee00000| Complete 
| 459|0x00000000bef00000, 0x00000000bf000000, 0x00000000bf000000|100%| E|CS|TAMS 0x00000000bef00000, 0x00000000bef00000| Complete 
| 460|0x00000000bf000000, 0x00000000bf100000, 0x00000000bf100000|100%| E|CS|TAMS 0x00000000bf000000, 0x00000000bf000000| Complete 
| 461|0x00000000bf100000, 0x00000000bf200000, 0x00000000bf200000|100%| E|CS|TAMS 0x00000000bf100000, 0x00000000bf100000| Complete 

Card table byte_map: [0x00000211b9460000,0x00000211b9750000] _byte_map_base: 0x00000211b8f4e000

Marking Bits (Prev, Next): (CMBitMap*) 0x00000211a1b7f350, (CMBitMap*) 0x00000211a1b7f310
 Prev Bits: [0x00000211bb1b0000, 0x00000211bc920000)
 Next Bits: [0x00000211b9a40000, 0x00000211bb1b0000)

Polling page: 0x00000211a0290000

Metaspace:

Usage:
  Non-class:     75.47 MB used.
      Class:     12.06 MB used.
       Both:     87.52 MB used.

Virtual space:
  Non-class space:      128.00 MB reserved,      75.81 MB ( 59%) committed,  2 nodes.
      Class space:        1.00 GB reserved,      12.38 MB (  1%) committed,  1 nodes.
             Both:        1.12 GB reserved,      88.19 MB (  8%) committed. 

Chunk freelists:
   Non-Class:  4.09 MB
       Class:  3.61 MB
        Both:  7.70 MB

MaxMetaspaceSize: unlimited
CompressedClassSpaceSize: 1.00 GB
Initial GC threshold: 21.00 MB
Current GC threshold: 122.62 MB
CDS: on
MetaspaceReclaimPolicy: balanced
 - commit_granule_bytes: 65536.
 - commit_granule_words: 8192.
 - virtual_space_node_default_size: 8388608.
 - enlarge_chunks_in_place: 1.
 - new_chunks_are_fully_committed: 0.
 - uncommit_free_chunks: 1.
 - use_allocation_guard: 0.
 - handle_deallocations: 1.


Internal statistics:

num_allocs_failed_limit: 6.
num_arena_births: 892.
num_arena_deaths: 2.
num_vsnodes_births: 3.
num_vsnodes_deaths: 0.
num_space_committed: 1411.
num_space_uncommitted: 0.
num_chunks_returned_to_freelist: 9.
num_chunks_taken_from_freelist: 4087.
num_chunk_merges: 6.
num_chunk_splits: 3029.
num_chunks_enlarged: 2431.
num_inconsistent_stats: 0.

CodeHeap 'non-profiled nmethods': size=120000Kb used=5516Kb max_used=5516Kb free=114483Kb
 bounds [0x00000211b0fb0000, 0x00000211b1520000, 0x00000211b84e0000]
CodeHeap 'profiled nmethods': size=120000Kb used=14388Kb max_used=14388Kb free=105611Kb
 bounds [0x00000211a94e0000, 0x00000211aa300000, 0x00000211b0a10000]
CodeHeap 'non-nmethods': size=5760Kb used=1379Kb max_used=1445Kb free=4381Kb
 bounds [0x00000211b0a10000, 0x00000211b0c80000, 0x00000211b0fb0000]
 total_blobs=8225 nmethods=7513 adapters=623
 compilation: enabled
              stopped_count=0, restarted_count=0
 full_count=0

Compilation events (20 events):
Event: 14.374 Thread 0x00000211bf55fc60 nmethod 8384 0x00000211a9654110 code [0x00000211a96542c0, 0x00000211a96544d8]
Event: 14.374 Thread 0x00000211bf55fc60 8386       3       java.lang.invoke.InvokerBytecodeGenerator::methodPrologue (29 bytes)
Event: 14.375 Thread 0x00000211bf55fc60 nmethod 8386 0x00000211a9e5c290 code [0x00000211a9e5c460, 0x00000211a9e5c798]
Event: 14.375 Thread 0x00000211bf55fc60 8387       3       java.lang.invoke.InvokerBytecodeGenerator::emitReturn (107 bytes)
Event: 14.375 Thread 0x00000211bf55fc60 nmethod 8387 0x00000211a9feca90 code [0x00000211a9fecc80, 0x00000211a9fed138]
Event: 14.934 Thread 0x00000211bf55fc60 8392       3       java.lang.Long::hashCode (8 bytes)
Event: 15.383 Thread 0x00000211bf55fc60 nmethod 8392 0x00000211a97ed390 code [0x00000211a97ed520, 0x00000211a97ed618]
Event: 15.383 Thread 0x00000211bf55fc60 8395       3       java.lang.String::compareToIgnoreCase (11 bytes)
Event: 15.383 Thread 0x00000211bf55fc60 nmethod 8395 0x00000211a9e5d490 code [0x00000211a9e5d640, 0x00000211a9e5d7e8]
Event: 15.383 Thread 0x00000211bf55fc60 8396       3       java.io.File::equals (28 bytes)
Event: 15.383 Thread 0x00000211bf55fc60 nmethod 8396 0x00000211a9fec110 code [0x00000211a9fec300, 0x00000211a9fec8e8]
Event: 15.383 Thread 0x00000211bf55fc60 8397       3       java.io.File::compareTo (9 bytes)
Event: 15.384 Thread 0x00000211bf55fc60 nmethod 8397 0x00000211a9e5bb90 code [0x00000211a9e5bd60, 0x00000211a9e5c028]
Event: 15.384 Thread 0x00000211bf55fc60 8398       3       java.io.WinNTFileSystem::compare (12 bytes)
Event: 15.384 Thread 0x00000211bf55fc60 nmethod 8398 0x00000211a9febb90 code [0x00000211a9febd40, 0x00000211a9febf88]
Event: 15.384 Thread 0x00000211bf55fc60 8394       3       java.io.File::length (33 bytes)
Event: 15.384 Thread 0x00000211bf55fc60 nmethod 8394 0x00000211a9feb410 code [0x00000211a9feb600, 0x00000211a9feba08]
Event: 15.386 Thread 0x00000211bf55fc60 8399       1       org.apache.catalina.LifecycleState::getLifecycleEvent (5 bytes)
Event: 15.386 Thread 0x00000211bf55fc60 nmethod 8399 0x00000211b150de90 code [0x00000211b150e020, 0x00000211b150e0f8]
Event: 15.982 Thread 0x00000211bf55fc60 8401       3       java.io.File::<init> (78 bytes)

GC Heap History (20 events):
Event: 9.600 GC heap before
{Heap before GC invocations=27 (full 0):
 garbage-first heap   total 81920K, used 53136K [0x00000000a2400000, 0x0000000100000000)
  region size 1024K, 10 young (10240K), 2 survivors (2048K)
 Metaspace       used 71804K, committed 72384K, reserved 1114112K
  class space    used 10103K, committed 10368K, reserved 1048576K
}
Event: 9.603 GC heap after
{Heap after GC invocations=28 (full 0):
 garbage-first heap   total 81920K, used 46143K [0x00000000a2400000, 0x0000000100000000)
  region size 1024K, 1 young (1024K), 1 survivors (1024K)
 Metaspace       used 71804K, committed 72384K, reserved 1114112K
  class space    used 10103K, committed 10368K, reserved 1048576K
}
Event: 9.667 GC heap before
{Heap before GC invocations=28 (full 0):
 garbage-first heap   total 81920K, used 60479K [0x00000000a2400000, 0x0000000100000000)
  region size 1024K, 15 young (15360K), 1 survivors (1024K)
 Metaspace       used 71811K, committed 72384K, reserved 1114112K
  class space    used 10103K, committed 10368K, reserved 1048576K
}
Event: 9.671 GC heap after
{Heap after GC invocations=29 (full 0):
 garbage-first heap   total 140288K, used 48378K [0x00000000a2400000, 0x0000000100000000)
  region size 1024K, 2 young (2048K), 2 survivors (2048K)
 Metaspace       used 71811K, committed 72384K, reserved 1114112K
  class space    used 10103K, committed 10368K, reserved 1048576K
}
Event: 9.890 GC heap before
{Heap before GC invocations=30 (full 0):
 garbage-first heap   total 140288K, used 97530K [0x00000000a2400000, 0x0000000100000000)
  region size 1024K, 50 young (51200K), 2 survivors (2048K)
 Metaspace       used 71818K, committed 72384K, reserved 1114112K
  class space    used 10103K, committed 10368K, reserved 1048576K
}
Event: 9.900 GC heap after
{Heap after GC invocations=31 (full 0):
 garbage-first heap   total 140288K, used 57355K [0x00000000a2400000, 0x0000000100000000)
  region size 1024K, 7 young (7168K), 7 survivors (7168K)
 Metaspace       used 71818K, committed 72384K, reserved 1114112K
  class space    used 10103K, committed 10368K, reserved 1048576K
}
Event: 9.908 GC heap before
{Heap before GC invocations=31 (full 0):
 garbage-first heap   total 140288K, used 58379K [0x00000000a2400000, 0x0000000100000000)
  region size 1024K, 8 young (8192K), 7 survivors (7168K)
 Metaspace       used 71818K, committed 72384K, reserved 1114112K
  class space    used 10103K, committed 10368K, reserved 1048576K
}
Event: 9.913 GC heap after
{Heap after GC invocations=32 (full 0):
 garbage-first heap   total 140288K, used 58036K [0x00000000a2400000, 0x0000000100000000)
  region size 1024K, 1 young (1024K), 1 survivors (1024K)
 Metaspace       used 71818K, committed 72384K, reserved 1114112K
  class space    used 10103K, committed 10368K, reserved 1048576K
}
Event: 10.349 GC heap before
{Heap before GC invocations=32 (full 0):
 garbage-first heap   total 140288K, used 101044K [0x00000000a2400000, 0x0000000100000000)
  region size 1024K, 43 young (44032K), 1 survivors (1024K)
 Metaspace       used 74729K, committed 75328K, reserved 1114112K
  class space    used 10515K, committed 10816K, reserved 1048576K
}
Event: 10.354 GC heap after
{Heap after GC invocations=33 (full 0):
 garbage-first heap   total 140288K, used 66274K [0x00000000a2400000, 0x0000000100000000)
  region size 1024K, 6 young (6144K), 6 survivors (6144K)
 Metaspace       used 74729K, committed 75328K, reserved 1114112K
  class space    used 10515K, committed 10816K, reserved 1048576K
}
Event: 10.445 GC heap before
{Heap before GC invocations=33 (full 0):
 garbage-first heap   total 140288K, used 105186K [0x00000000a2400000, 0x0000000100000000)
  region size 1024K, 43 young (44032K), 6 survivors (6144K)
 Metaspace       used 74729K, committed 75328K, reserved 1114112K
  class space    used 10515K, committed 10816K, reserved 1048576K
}
Event: 10.455 GC heap after
{Heap after GC invocations=34 (full 0):
 garbage-first heap   total 140288K, used 79638K [0x00000000a2400000, 0x0000000100000000)
  region size 1024K, 6 young (6144K), 6 survivors (6144K)
 Metaspace       used 74729K, committed 75328K, reserved 1114112K
  class space    used 10515K, committed 10816K, reserved 1048576K
}
Event: 10.525 GC heap before
{Heap before GC invocations=34 (full 0):
 garbage-first heap   total 140288K, used 105238K [0x00000000a2400000, 0x0000000100000000)
  region size 1024K, 31 young (31744K), 6 survivors (6144K)
 Metaspace       used 74742K, committed 75328K, reserved 1114112K
  class space    used 10515K, committed 10816K, reserved 1048576K
}
Event: 10.533 GC heap after
{Heap after GC invocations=35 (full 0):
 garbage-first heap   total 140288K, used 87821K [0x00000000a2400000, 0x0000000100000000)
  region size 1024K, 4 young (4096K), 4 survivors (4096K)
 Metaspace       used 74742K, committed 75328K, reserved 1114112K
  class space    used 10515K, committed 10816K, reserved 1048576K
}
Event: 10.613 GC heap before
{Heap before GC invocations=36 (full 0):
 garbage-first heap   total 157696K, used 98061K [0x00000000a2400000, 0x0000000100000000)
  region size 1024K, 24 young (24576K), 4 survivors (4096K)
 Metaspace       used 74740K, committed 75328K, reserved 1114112K
  class space    used 10514K, committed 10816K, reserved 1048576K
}
Event: 10.621 GC heap after
{Heap after GC invocations=37 (full 0):
 garbage-first heap   total 157696K, used 86836K [0x00000000a2400000, 0x0000000100000000)
  region size 1024K, 3 young (3072K), 3 survivors (3072K)
 Metaspace       used 74740K, committed 75328K, reserved 1114112K
  class space    used 10514K, committed 10816K, reserved 1048576K
}
Event: 10.634 GC heap before
{Heap before GC invocations=37 (full 0):
 garbage-first heap   total 157696K, used 90932K [0x00000000a2400000, 0x0000000100000000)
  region size 1024K, 7 young (7168K), 3 survivors (3072K)
 Metaspace       used 74740K, committed 75328K, reserved 1114112K
  class space    used 10514K, committed 10816K, reserved 1048576K
}
Event: 10.645 GC heap after
{Heap after GC invocations=38 (full 0):
 garbage-first heap   total 473088K, used 79853K [0x00000000a2400000, 0x0000000100000000)
  region size 1024K, 1 young (1024K), 1 survivors (1024K)
 Metaspace       used 74740K, committed 75328K, reserved 1114112K
  class space    used 10514K, committed 10816K, reserved 1048576K
}
Event: 12.498 GC heap before
{Heap before GC invocations=38 (full 0):
 garbage-first heap   total 473088K, used 292845K [0x00000000a2400000, 0x0000000100000000)
  region size 1024K, 206 young (210944K), 1 survivors (1024K)
 Metaspace       used 82865K, committed 83392K, reserved 1179648K
  class space    used 11461K, committed 11712K, reserved 1048576K
}
Event: 12.529 GC heap after
{Heap after GC invocations=39 (full 0):
 garbage-first heap   total 473088K, used 129785K [0x00000000a2400000, 0x0000000100000000)
  region size 1024K, 26 young (26624K), 26 survivors (26624K)
 Metaspace       used 82865K, committed 83392K, reserved 1179648K
  class space    used 11461K, committed 11712K, reserved 1048576K
}

Deoptimization events (20 events):
Event: 14.345 Thread 0x00000211bf776d70 Uncommon trap: trap_request=0xffffff45 fr.pc=0x00000211b142bd24 relative=0x0000000000002724
Event: 14.345 Thread 0x00000211bf776d70 Uncommon trap: reason=unstable_if action=reinterpret pc=0x00000211b142bd24 method=org.springframework.core.annotation.TypeMappedAnnotations$IsPresent.doWithAnnotations(Ljava/lang/Object;ILjava/lang/Object;[Ljava/lang/annotation/Annotation;)Ljava/lang/Bool
Event: 14.345 Thread 0x00000211bf776d70 DEOPT PACKING pc=0x00000211b142bd24 sp=0x000000dfc30fdd60
Event: 14.345 Thread 0x00000211bf776d70 DEOPT UNPACKING pc=0x00000211b0a623a3 sp=0x000000dfc30fdb28 mode 2
Event: 14.345 Thread 0x00000211bf776d70 Uncommon trap: trap_request=0xffffff45 fr.pc=0x00000211b144c1a0 relative=0x0000000000001780
Event: 14.345 Thread 0x00000211bf776d70 Uncommon trap: reason=unstable_if action=reinterpret pc=0x00000211b144c1a0 method=org.springframework.core.annotation.TypeMappedAnnotations$IsPresent.doWithAnnotations(Ljava/lang/Object;ILjava/lang/Object;[Ljava/lang/annotation/Annotation;)Ljava/lang/Bool
Event: 14.345 Thread 0x00000211bf776d70 DEOPT PACKING pc=0x00000211b144c1a0 sp=0x000000dfc30fdce0
Event: 14.345 Thread 0x00000211bf776d70 DEOPT UNPACKING pc=0x00000211b0a623a3 sp=0x000000dfc30fdb30 mode 2
Event: 14.373 Thread 0x00000211bf776d70 Uncommon trap: trap_request=0xffffff54 fr.pc=0x00000211b10a51f0 relative=0x0000000000000330
Event: 14.373 Thread 0x00000211bf776d70 Uncommon trap: reason=speculate_null_assert action=make_not_entrant pc=0x00000211b10a51f0 method=org.springframework.util.ConcurrentReferenceHashMap$Segment.restructureIfNecessary(Z)V @ 41 c2
Event: 14.373 Thread 0x00000211bf776d70 DEOPT PACKING pc=0x00000211b10a51f0 sp=0x000000dfc30fde90
Event: 14.373 Thread 0x00000211bf776d70 DEOPT UNPACKING pc=0x00000211b0a623a3 sp=0x000000dfc30fde58 mode 2
Event: 14.963 Thread 0x00000211bf7786c0 Uncommon trap: trap_request=0xffffff45 fr.pc=0x00000211b108ebb0 relative=0x00000000000001b0
Event: 15.382 Thread 0x00000211bf7786c0 Uncommon trap: reason=unstable_if action=reinterpret pc=0x00000211b108ebb0 method=java.lang.StringLatin1.indexOf([B[B)I @ 9 c2
Event: 15.382 Thread 0x00000211bf7786c0 DEOPT PACKING pc=0x00000211b108ebb0 sp=0x000000dfc36fecd0
Event: 15.382 Thread 0x00000211bf7786c0 DEOPT UNPACKING pc=0x00000211b0a623a3 sp=0x000000dfc36fec60 mode 2
Event: 15.385 Thread 0x00000211bf776d70 Uncommon trap: trap_request=0xffffff45 fr.pc=0x00000211b129f090 relative=0x00000000000000f0
Event: 15.385 Thread 0x00000211bf776d70 Uncommon trap: reason=unstable_if action=reinterpret pc=0x00000211b129f090 method=java.util.ArrayList.indexOfRange(Ljava/lang/Object;II)I @ 7 c2
Event: 15.385 Thread 0x00000211bf776d70 DEOPT PACKING pc=0x00000211b129f090 sp=0x000000dfc30fda40
Event: 15.385 Thread 0x00000211bf776d70 DEOPT UNPACKING pc=0x00000211b0a623a3 sp=0x000000dfc30fd9c0 mode 2

Classes unloaded (1 events):
Event: 10.582 Thread 0x00000211bf530900 Unloading class 0x00000211c1a7c800 'jdk/internal/reflect/GeneratedSerializationConstructorAccessor1'

Classes redefined (0 events):
No events

Internal exceptions (20 events):
Event: 10.167 Thread 0x00000211bf776d70 Exception <a 'java/lang/reflect/InvocationTargetException'{0x00000000a9aa17d0}> (0x00000000a9aa17d0) 
thrown [s\open\src\hotspot\share\runtime\reflection.cpp, line 1121]
Event: 10.168 Thread 0x00000211bf776d70 Exception <a 'java/lang/reflect/InvocationTargetException'{0x00000000a9aa9e58}> (0x00000000a9aa9e58) 
thrown [s\open\src\hotspot\share\runtime\reflection.cpp, line 1121]
Event: 10.228 Thread 0x00000211bf776d70 Exception <a 'java/lang/NoSuchMethodError'{0x00000000a97eaf78}: 'int java.lang.invoke.DirectMethodHandle$Holder.invokeStaticInit(java.lang.Object, int, java.lang.Object, java.lang.Object, java.lang.Object, java.lang.Object)'> (0x00000000a97eaf78) 
thrown [s\open\src\hotspot\share\interpreter\linkResolver.cpp, line 759]
Event: 10.305 Thread 0x00000211bf776d70 Exception <a 'java/lang/reflect/InvocationTargetException'{0x00000000a93d09b8}> (0x00000000a93d09b8) 
thrown [s\open\src\hotspot\share\runtime\reflection.cpp, line 1121]
Event: 10.307 Thread 0x00000211bf776d70 Exception <a 'java/lang/reflect/InvocationTargetException'{0x00000000a93e0618}> (0x00000000a93e0618) 
thrown [s\open\src\hotspot\share\runtime\reflection.cpp, line 1121]
Event: 11.002 Thread 0x00000211bf776d70 Exception <a 'java/lang/reflect/InvocationTargetException'{0x00000000b7820148}> (0x00000000b7820148) 
thrown [s\open\src\hotspot\share\runtime\reflection.cpp, line 1121]
Event: 11.010 Thread 0x00000211bf776d70 Exception <a 'java/lang/reflect/InvocationTargetException'{0x00000000b784ede0}> (0x00000000b784ede0) 
thrown [s\open\src\hotspot\share\runtime\reflection.cpp, line 1121]
Event: 11.175 Thread 0x00000211bf776d70 Exception <a 'sun/nio/fs/WindowsException'{0x00000000b5b19c10}> (0x00000000b5b19c10) 
thrown [s\open\src\hotspot\share\prims\jni.cpp, line 516]
Event: 11.509 Thread 0x00000211bf776d70 Exception <a 'java/lang/NoSuchMethodError'{0x00000000b4824680}: 'java.lang.Object java.lang.invoke.DirectMethodHandle$Holder.invokeSpecialIFC(java.lang.Object, java.lang.Object)'> (0x00000000b4824680) 
thrown [s\open\src\hotspot\share\interpreter\linkResolver.cpp, line 759]
Event: 11.849 Thread 0x00000211bf776d70 Exception <a 'java/lang/IncompatibleClassChangeError'{0x00000000b3a666e8}: Found class java.lang.Object, but interface was expected> (0x00000000b3a666e8) 
thrown [s\open\src\hotspot\share\interpreter\linkResolver.cpp, line 826]
Event: 12.149 Thread 0x00000211bf776d70 Exception <a 'java/lang/IncompatibleClassChangeError'{0x00000000b2dea700}: Found class java.lang.Object, but interface was expected> (0x00000000b2dea700) 
thrown [s\open\src\hotspot\share\interpreter\linkResolver.cpp, line 826]
Event: 12.444 Thread 0x00000211bf776d70 Exception <a 'java/lang/NoSuchMethodError'{0x00000000b2623ca0}: 'float java.lang.invoke.DirectMethodHandle$Holder.invokeStatic(java.lang.Object, java.lang.Object)'> (0x00000000b2623ca0) 
thrown [s\open\src\hotspot\share\interpreter\linkResolver.cpp, line 759]
Event: 12.444 Thread 0x00000211bf776d70 Exception <a 'java/lang/NoSuchMethodError'{0x00000000b262a760}: 'double java.lang.invoke.DirectMethodHandle$Holder.invokeStatic(java.lang.Object, java.lang.Object)'> (0x00000000b262a760) 
thrown [s\open\src\hotspot\share\interpreter\linkResolver.cpp, line 759]
Event: 13.479 Thread 0x00000211bf776d70 Exception <a 'java/lang/IncompatibleClassChangeError'{0x00000000bd1fe320}: Found class java.lang.Object, but interface was expected> (0x00000000bd1fe320) 
thrown [s\open\src\hotspot\share\interpreter\linkResolver.cpp, line 826]
Event: 13.641 Thread 0x00000211bf776d70 Exception <a 'java/lang/NoSuchMethodError'{0x00000000bcaf8cb0}: 'java.lang.Object java.lang.invoke.DirectMethodHandle$Holder.invokeInterface(java.lang.Object, java.lang.Object, java.lang.Object, java.lang.Object)'> (0x00000000bcaf8cb0) 
thrown [s\open\src\hotspot\share\interpreter\linkResolver.cpp, line 759]
Event: 14.117 Thread 0x00000211bf776d70 Exception <a 'java/lang/IncompatibleClassChangeError'{0x00000000bbf75a78}: Found class java.lang.Object, but interface was expected> (0x00000000bbf75a78) 
thrown [s\open\src\hotspot\share\interpreter\linkResolver.cpp, line 826]
Event: 14.131 Thread 0x00000211bf776d70 Implicit null exception at 0x00000211b13b6993 to 0x00000211b13b6a74
Event: 14.162 Thread 0x00000211bf776d70 Exception <a 'java/lang/NoSuchMethodError'{0x00000000bbd93098}: 'java.lang.Object java.lang.invoke.DirectMethodHandle$Holder.invokeSpecial(java.lang.Object, java.lang.Object, java.lang.Object, java.lang.Object, java.lang.Object, java.lang.Object, java.lang.Object, java.lang.Object, java.lang.Object, java.lang.Object, java.lang.Object)'> (0x00000000bbd93098) 
thrown [s\open\src\hotspot\share\interpreter\linkResolver.cpp, line 759]
Event: 14.163 Thread 0x00000211bf776d70 Exception <a 'java/lang/NoSuchMethodError'{0x00000000bbd97480}: 'java.lang.Object java.lang.invoke.Invokers$Holder.invoke_MT(java.lang.Object, java.lang.Object, java.lang.Object, java.lang.Object, java.lang.Object, java.lang.Object, java.lang.Object, java.lang.Object, java.lang.Object, java.lang.Object, java.lang.Object)'> (0x00000000bbd97480) 
thrown [s\open\src\hotspot\share\interpreter\linkResolver.cpp, line 759]
Event: 14.375 Thread 0x00000211bf776d70 Exception <a 'java/lang/NoSuchMethodError'{0x00000000bb40b8b8}: 'java.lang.Object java.lang.invoke.DirectMethodHandle$Holder.newInvokeSpecial(java.lang.Object, java.lang.Object, int, java.lang.Object, java.lang.Object)'> (0x00000000bb40b8b8) 
thrown [s\open\src\hotspot\share\interpreter\linkResolver.cpp, line 759]

VM Operations (20 events):
Event: 13.374 Executing VM operation: HandshakeAllThreads done
Event: 13.375 Executing VM operation: HandshakeAllThreads
Event: 13.375 Executing VM operation: HandshakeAllThreads done
Event: 13.410 Executing VM operation: ICBufferFull
Event: 13.410 Executing VM operation: ICBufferFull done
Event: 13.497 Executing VM operation: HandshakeAllThreads
Event: 13.497 Executing VM operation: HandshakeAllThreads done
Event: 14.027 Executing VM operation: HandshakeAllThreads
Event: 14.027 Executing VM operation: HandshakeAllThreads done
Event: 14.215 Executing VM operation: HandshakeAllThreads
Event: 14.215 Executing VM operation: HandshakeAllThreads done
Event: 14.345 Executing VM operation: HandshakeAllThreads
Event: 14.345 Executing VM operation: HandshakeAllThreads done
Event: 14.370 Executing VM operation: ICBufferFull
Event: 14.371 Executing VM operation: ICBufferFull done
Event: 14.372 Executing VM operation: HandshakeAllThreads
Event: 14.372 Executing VM operation: HandshakeAllThreads done
Event: 15.381 Executing VM operation: Cleanup
Event: 15.382 Executing VM operation: Cleanup done
Event: 16.397 Executing VM operation: Cleanup

Events (20 events):
Event: 14.360 loading class java/time/Instant$1
Event: 14.361 loading class java/time/Instant$1 done
Event: 14.366 Thread 0x0000021208a90f90 Thread added: 0x0000021208a90f90
Event: 14.366 Thread 0x00000211bf570e20 flushing nmethod 0x00000211a9e5bb90
Event: 14.366 Thread 0x00000211bf570e20 flushing nmethod 0x00000211a9e5d490
Event: 14.369 Thread 0x00000211bf570e20 flushing nmethod 0x00000211a9fe5d10
Event: 15.386 loading class java/nio/channels/spi/SelectorProvider
Event: 15.386 loading class java/nio/channels/spi/SelectorProvider done
Event: 15.386 loading class java/nio/channels/spi/SelectorProvider$Holder
Event: 15.387 loading class java/nio/channels/spi/SelectorProvider$Holder done
Event: 15.388 loading class sun/nio/ch/DefaultSelectorProvider
Event: 15.388 loading class sun/nio/ch/DefaultSelectorProvider done
Event: 15.388 loading class sun/nio/ch/WEPollSelectorProvider
Event: 15.388 loading class sun/nio/ch/SelectorProviderImpl
Event: 15.388 loading class sun/nio/ch/SelectorProviderImpl done
Event: 15.389 loading class sun/nio/ch/WEPollSelectorProvider done
Event: 15.389 loading class sun/nio/ch/ServerSocketChannelImpl
Event: 15.389 loading class sun/nio/ch/SelChImpl
Event: 15.390 loading class sun/nio/ch/SelChImpl done
Event: 15.390 loading class sun/nio/ch/ServerSocketChannelImpl done


Dynamic libraries:
0x00007ff7f6560000 - 0x00007ff7f6570000 	C:\Program Files\Java\jdk-17\bin\java.exe
0x00007fffe6740000 - 0x00007fffe69a8000 	C:\WINDOWS\SYSTEM32\ntdll.dll
0x00007fffe6630000 - 0x00007fffe66f9000 	C:\WINDOWS\System32\KERNEL32.DLL
0x00007fffe3fb0000 - 0x00007fffe43a8000 	C:\WINDOWS\System32\KERNELBASE.dll
0x00007fffe3950000 - 0x00007fffe3a9b000 	C:\WINDOWS\System32\ucrtbase.dll
0x00007fffdc010000 - 0x00007fffdc029000 	C:\Program Files\Java\jdk-17\bin\jli.dll
0x00007fffdbfe0000 - 0x00007fffdbffb000 	C:\Program Files\Java\jdk-17\bin\VCRUNTIME140.dll
0x00007fffe4650000 - 0x00007fffe4704000 	C:\WINDOWS\System32\ADVAPI32.dll
0x00007fffe6410000 - 0x00007fffe64b9000 	C:\WINDOWS\System32\msvcrt.dll
0x00007fffe44e0000 - 0x00007fffe4586000 	C:\WINDOWS\System32\sechost.dll
0x00007fffe54e0000 - 0x00007fffe55f8000 	C:\WINDOWS\System32\RPCRT4.dll
0x00007fffe59a0000 - 0x00007fffe5b67000 	C:\WINDOWS\System32\USER32.dll
0x00007fffe3890000 - 0x00007fffe38b7000 	C:\WINDOWS\System32\win32u.dll
0x00007fffd5a80000 - 0x00007fffd5d14000 	C:\WINDOWS\WinSxS\amd64_microsoft.windows.common-controls_6595b64144ccf1df_6.0.26100.7019_none_3e06ffa0e335b8a8\COMCTL32.dll
0x00007fffe65c0000 - 0x00007fffe65eb000 	C:\WINDOWS\System32\GDI32.dll
0x00007fffe43b0000 - 0x00007fffe44dc000 	C:\WINDOWS\System32\gdi32full.dll
0x00007fffe3f00000 - 0x00007fffe3fa3000 	C:\WINDOWS\System32\msvcp_win.dll
0x00007fffdc2a0000 - 0x00007fffdc2ab000 	C:\WINDOWS\SYSTEM32\VERSION.dll
0x00007fffe65f0000 - 0x00007fffe6621000 	C:\WINDOWS\System32\IMM32.DLL
0x00007fffcf0b0000 - 0x00007fffcf0bc000 	C:\Program Files\Java\jdk-17\bin\vcruntime140_1.dll
0x00007fffc4880000 - 0x00007fffc490e000 	C:\Program Files\Java\jdk-17\bin\msvcp140.dll
0x00007fff083b0000 - 0x00007fff08f91000 	C:\Program Files\Java\jdk-17\bin\server\jvm.dll
0x00007fffe5b90000 - 0x00007fffe5b98000 	C:\WINDOWS\System32\PSAPI.DLL
0x00007fffb38f0000 - 0x00007fffb38fa000 	C:\WINDOWS\SYSTEM32\WSOCK32.dll
0x00007fffe5c20000 - 0x00007fffe5c94000 	C:\WINDOWS\System32\WS2_32.dll
0x00007fffdc260000 - 0x00007fffdc295000 	C:\WINDOWS\SYSTEM32\WINMM.dll
0x00007fffe2650000 - 0x00007fffe266b000 	C:\WINDOWS\SYSTEM32\kernel.appcore.dll
0x00007fffcf0a0000 - 0x00007fffcf0aa000 	C:\Program Files\Java\jdk-17\bin\jimage.dll
0x00007fffdea60000 - 0x00007fffdeca2000 	C:\WINDOWS\SYSTEM32\DBGHELP.DLL
0x00007fffe5600000 - 0x00007fffe598b000 	C:\WINDOWS\System32\combase.dll
0x00007fffe52a0000 - 0x00007fffe5377000 	C:\WINDOWS\System32\OLEAUT32.dll
0x00007fffc2790000 - 0x00007fffc27cc000 	C:\WINDOWS\SYSTEM32\dbgcore.DLL
0x00007fffe3aa0000 - 0x00007fffe3b45000 	C:\WINDOWS\System32\bcryptPrimitives.dll
0x00007fffdc070000 - 0x00007fffdc07e000 	C:\Program Files\Java\jdk-17\bin\instrument.dll
0x00007fffbbb60000 - 0x00007fffbbb85000 	C:\Program Files\Java\jdk-17\bin\java.dll
0x00007fffa6f20000 - 0x00007fffa6ff7000 	C:\Program Files\Java\jdk-17\bin\jsvml.dll
0x00007fffe5ca0000 - 0x00007fffe63f1000 	C:\WINDOWS\System32\SHELL32.dll
0x00007fffe3d90000 - 0x00007fffe3efb000 	C:\WINDOWS\System32\wintypes.dll
0x00007fffe1490000 - 0x00007fffe1ced000 	C:\WINDOWS\SYSTEM32\windows.storage.dll
0x00007fffe53e0000 - 0x00007fffe54d2000 	C:\WINDOWS\System32\SHCORE.dll
0x00007fffe49c0000 - 0x00007fffe4a27000 	C:\WINDOWS\System32\shlwapi.dll
0x00007fffe37b0000 - 0x00007fffe37d9000 	C:\WINDOWS\SYSTEM32\profapi.dll
0x00007fffc4860000 - 0x00007fffc4878000 	C:\Program Files\Java\jdk-17\bin\zip.dll
0x00007fffc6da0000 - 0x00007fffc6db9000 	C:\Program Files\Java\jdk-17\bin\net.dll
0x00007fffde1d0000 - 0x00007fffde2f8000 	C:\WINDOWS\SYSTEM32\WINHTTP.dll
0x00007fffe2bc0000 - 0x00007fffe2c2b000 	C:\WINDOWS\system32\mswsock.dll
0x00007fffc49f0000 - 0x00007fffc4a06000 	C:\Program Files\Java\jdk-17\bin\nio.dll
0x00007fffdc060000 - 0x00007fffdc06a000 	C:\Program Files\Java\jdk-17\bin\management.dll
0x00007fffdc050000 - 0x00007fffdc05b000 	C:\Program Files\Java\jdk-17\bin\management_ext.dll
0x00007fffcea40000 - 0x00007fffcea4e000 	C:\Program Files\Java\jdk-17\bin\sunmscapi.dll
0x00007fffe3c10000 - 0x00007fffe3d87000 	C:\WINDOWS\System32\CRYPT32.dll
0x00007fffe30a0000 - 0x00007fffe30d0000 	C:\WINDOWS\SYSTEM32\ncrypt.dll
0x00007fffe3050000 - 0x00007fffe308f000 	C:\WINDOWS\SYSTEM32\NTASN1.dll
0x00007fffe2e80000 - 0x00007fffe2e9b000 	C:\WINDOWS\SYSTEM32\CRYPTSP.dll
0x00007fffe25b0000 - 0x00007fffe25ea000 	C:\WINDOWS\system32\rsaenh.dll
0x00007fffe2c70000 - 0x00007fffe2c9b000 	C:\WINDOWS\SYSTEM32\USERENV.dll
0x00007fffe3780000 - 0x00007fffe37aa000 	C:\WINDOWS\SYSTEM32\bcrypt.dll
0x00007fffe2ea0000 - 0x00007fffe2eac000 	C:\WINDOWS\SYSTEM32\CRYPTBASE.dll
0x00007fffe2190000 - 0x00007fffe21c4000 	C:\WINDOWS\SYSTEM32\IPHLPAPI.DLL
0x00007fffe6400000 - 0x00007fffe640a000 	C:\WINDOWS\System32\NSI.dll
0x00007fffde3b0000 - 0x00007fffde3ce000 	C:\WINDOWS\SYSTEM32\dhcpcsvc6.DLL
0x00007fffde300000 - 0x00007fffde323000 	C:\WINDOWS\SYSTEM32\dhcpcsvc.DLL
0x00007fffe21d0000 - 0x00007fffe22fc000 	C:\WINDOWS\SYSTEM32\DNSAPI.dll
0x00007fffc3be0000 - 0x00007fffc3bf0000 	C:\Program Files\Java\jdk-17\bin\verify.dll
0x00007fffdd9b0000 - 0x00007fffdd9bb000 	C:\Windows\System32\rasadhlp.dll
0x00007fffde470000 - 0x00007fffde4f6000 	C:\WINDOWS\System32\fwpuclnt.dll
0x00007fffb6d50000 - 0x00007fffb6d58000 	C:\WINDOWS\system32\wshunix.dll

dbghelp: loaded successfully - version: 4.0.5 - missing functions: none
symbol engine: initialized successfully - sym options: 0x614 - pdb path: .;C:\Program Files\Java\jdk-17\bin;C:\WINDOWS\SYSTEM32;C:\WINDOWS\WinSxS\amd64_microsoft.windows.common-controls_6595b64144ccf1df_6.0.26100.7019_none_3e06ffa0e335b8a8;C:\Program Files\Java\jdk-17\bin\server

VM Arguments:
jvm_args: -javaagent:C:\Program Files\JetBrains\IntelliJ IDEA Community Edition 2025.2.2\lib\idea_rt.jar=52217 -Dfile.encoding=UTF-8 
java_command: com.spring.MallApplication
java_class_path (initial): C:\Users\LENOVO\OneDrive\Desktop\SpringBoot projects\mall (1)\mall\target\classes;C:\Users\LENOVO\.m2\repository\jakarta\validation\jakarta.validation-api\3.0.2\jakarta.validation-api-3.0.2.jar;C:\Users\LENOVO\.m2\repository\org\hibernate\validator\hibernate-validator\8.0.3.Final\hibernate-validator-8.0.3.Final.jar;C:\Users\LENOVO\.m2\repository\org\jboss\logging\jboss-logging\3.6.1.Final\jboss-logging-3.6.1.Final.jar;C:\Users\LENOVO\.m2\repository\com\fasterxml\classmate\1.7.0\classmate-1.7.0.jar;C:\Users\LENOVO\.m2\repository\org\springframework\boot\spring-boot-starter\3.5.6\spring-boot-starter-3.5.6.jar;C:\Users\LENOVO\.m2\repository\org\springframework\boot\spring-boot\3.5.6\spring-boot-3.5.6.jar;C:\Users\LENOVO\.m2\repository\org\springframework\spring-context\6.2.11\spring-context-6.2.11.jar;C:\Users\LENOVO\.m2\repository\org\springframework\boot\spring-boot-autoconfigure\3.5.6\spring-boot-autoconfigure-3.5.6.jar;C:\Users\LENOVO\.m2\repository\org\springframework\boot\spring-boot-starter-logging\3.5.6\spring-boot-starter-logging-3.5.6.jar;C:\Users\LENOVO\.m2\repository\ch\qos\logback\logback-classic\1.5.18\logback-classic-1.5.18.jar;C:\Users\LENOVO\.m2\repository\ch\qos\logback\logback-core\1.5.18\logback-core-1.5.18.jar;C:\Users\LENOVO\.m2\repository\org\apache\logging\log4j\log4j-to-slf4j\2.24.3\log4j-to-slf4j-2.24.3.jar;C:\Users\LENOVO\.m2\repository\org\apache\logging\log4j\log4j-api\2.24.3\log4j-api-2.24.3.jar;C:\Users\LENOVO\.m2\repository\org\slf4j\jul-to-slf4j\2.0.17\jul-to-slf4j-2.0.17.jar;C:\Users\LENOVO\.m2\repository\jakarta\annotation\jakarta.annotation-api\2.1.1\jakarta.annotation-api-2.1.1.jar;C:\Users\LENOVO\.m2\repository\org\springframework\spring-core\6.2.11\spring-core-6.2.11.jar;C:\Users\LENOVO\.m2\repository\org\springframework\spring-jcl\6.2.11\spring-jcl-6.2.11.jar;C:\Users\LENOVO\.m2\repository\org\yaml\snakeyaml\2.4\snakeyaml-2.4.jar;C:\Users\LENOVO\.m2\repository\org\springframework\boot\spring-boot-star
Launcher Type: SUN_STANDARD

[Global flags]
     intx CICompilerCount                          = 4                                         {product} {ergonomic}
     uint ConcGCThreads                            = 3                                         {product} {ergonomic}
     uint G1ConcRefinementThreads                  = 10                                        {product} {ergonomic}
   size_t G1HeapRegionSize                         = 1048576                                   {product} {ergonomic}
    uintx GCDrainStackTargetSize                   = 64                                        {product} {ergonomic}
   size_t InitialHeapSize                          = 98566144                                  {product} {ergonomic}
   size_t MarkStackSize                            = 4194304                                   {product} {ergonomic}
   size_t MaxHeapSize                              = 1572864000                                {product} {ergonomic}
   size_t MaxNewSize                               = 943718400                                 {product} {ergonomic}
   size_t MinHeapDeltaBytes                        = 1048576                                   {product} {ergonomic}
   size_t MinHeapSize                              = 8388608                                   {product} {ergonomic}
    uintx NonNMethodCodeHeapSize                   = 5839372                                {pd product} {ergonomic}
    uintx NonProfiledCodeHeapSize                  = 122909434                              {pd product} {ergonomic}
    uintx ProfiledCodeHeapSize                     = 122909434                              {pd product} {ergonomic}
    uintx ReservedCodeCacheSize                    = 251658240                              {pd product} {ergonomic}
     bool SegmentedCodeCache                       = true                                      {product} {ergonomic}
   size_t SoftMaxHeapSize                          = 1572864000                             {manageable} {ergonomic}
     bool UseCompressedClassPointers               = true                           {product lp64_product} {ergonomic}
     bool UseCompressedOops                        = true                           {product lp64_product} {ergonomic}
     bool UseG1GC                                  = true                                      {product} {ergonomic}
     bool UseLargePagesIndividualAllocation        = false                                  {pd product} {ergonomic}

Logging:
Log output configuration:
 #0: stdout all=warning uptime,level,tags
 #1: stderr all=off uptime,level,tags

Environment Variables:
PATH=C:\Python313\Scripts\;C:\Python313\;C:\Program Files (x86)\VMware\VMware Workstation\bin\;C:\Program Files\Common Files\Oracle\Java\javapath;C:\Program Files\Eclipse Adoptium\jdk-11.0.20.8-hotspot\bin;C:\WINDOWS\system32;C:\WINDOWS;C:\WINDOWS\System32\Wbem;C:\WINDOWS\System32\WindowsPowerShell\v1.0\;C:\WINDOWS\System32\OpenSSH\;C:\MinGW\bin;C:\Program Files\Microsoft SQL Server\150\Tools\Binn\;C:\Program Files\Microsoft SQL Server\Client SDK\ODBC\170\Tools\Binn\;C:\Program Files\dotnet\;C:\ProgramData\chocolatey\bin;C:\Program Files\Git\cmd;C:\nodejs\;C:\Users\LENOVO\Downloads\apache-maven-3.9.11-bin\apache-maven-3.9.11\bin;C:\Users\LENOVO\AppData\Local\Microsoft\WindowsApps;C:\Users\LENOVO\AppData\Local\Programs\Microsoft VS Code\bin;C:\MinGW\bin;C:\Users\LENOVO\AppData\Local\GitHubDesktop\bin;C:\Users\LENOVO\.dotnet\tools;C:\Users\LENOVO\AppData\Roaming\npm;C:\Users\LENOVO\AppData\Roaming\Python\Python313\Scripts;
USERNAME=LENOVO
OS=Windows_NT
PROCESSOR_IDENTIFIER=AMD64 Family 25 Model 80 Stepping 0, AuthenticAMD



---------------  S Y S T E M  ---------------

OS:
 Windows 11 , 64 bit Build 26100 (10.0.26100.7019)
OS uptime: 3 days 1:36 hours
Hyper-V role detected

CPU: total 12 (initial active 12) (12 cores per cpu, 2 threads per core) family 25 model 80 stepping 0 microcode 0xa50000f, cx8, cmov, fxsr, ht, mmx, 3dnowpref, sse, sse2, sse3, ssse3, sse4a, sse4.1, sse4.2, popcnt, lzcnt, tsc, tscinvbit, avx, avx2, aes, erms, clmul, bmi1, bmi2, adx, sha, fma, vzeroupper, clflush, clflushopt, hv

Memory: 4k page, system-wide physical 5996M (778M free)
TotalPageFile size 24428M (AvailPageFile size 31M)
current process WorkingSet (physical memory assigned to process): 509M, peak: 529M
current process commit charge ("private bytes"): 753M, peak: 779M

vm_info: Java HotSpot(TM) 64-Bit Server VM (17.0.13+10-LTS-268) for windows-amd64 JRE (17.0.13+10-LTS-268), built on Sep 30 2024 06:33:13 by "mach5one" with MS VC++ 17.6 (VS2022)

END.
