#
# There is insufficient memory for the Java Runtime Environment to continue.
# Native memory allocation (malloc) failed to allocate 177600 bytes for Chunk::new
# Possible reasons:
#   The system is out of physical RAM or swap space
#   The process is running with CompressedOops enabled, and the Java Heap may be blocking the growth of the native heap
# Possible solutions:
#   Reduce memory load on the system
#   Increase physical memory or swap space
#   Check if swap backing store is full
#   Decrease Java heap size (-Xmx/-Xms)
#   Decrease number of Java threads
#   Decrease Java thread stack sizes (-Xss)
#   Set larger code cache with -XX:ReservedCodeCacheSize=
#   JVM is running with Unscaled Compressed Oops mode in which the Java heap is
#     placed in the first 4GB address space. The Java Heap base address is the
#     maximum limit for the native heap growth. Please use -XX:HeapBaseMinAddress
#     to set the Java Heap base and to place the Java Heap above 4GB virtual address.
# This output file may be truncated or incomplete.
#
#  Out of Memory Error (arena.cpp:189), pid=25800, tid=29992
#
# JRE version: Java(TM) SE Runtime Environment (17.0.13+10) (build 17.0.13+10-LTS-268)
# Java VM: Java HotSpot(TM) 64-Bit Server VM (17.0.13+10-LTS-268, mixed mode, sharing, tiered, compressed oops, compressed class ptrs, g1 gc, windows-amd64)
# No core dump will be written. Minidumps are not enabled by default on client versions of Windows
#

---------------  S U M M A R Y ------------

Command Line: -javaagent:C:\Program Files\JetBrains\IntelliJ IDEA Community Edition 2025.2.2\lib\idea_rt.jar=64390 -Dfile.encoding=UTF-8 com.sein_gar_har.SeinGarHarApplication

Host: AMD Ryzen 5 5600U with Radeon Graphics         , 12 cores, 5G,  Windows 11 , 64 bit Build 26100 (10.0.26100.7019)
Time: Wed Dec  3 15:42:03 2025 Myanmar Standard Time elapsed time: 116.772171 seconds (0d 0h 1m 56s)

---------------  T H R E A D  ---------------

Current thread (0x000001df9dbd9df0):  JavaThread "C2 CompilerThread0" daemon [_thread_in_native, id=29992, stack(0x0000009807d00000,0x0000009807e00000)]


Current CompileTask:
C2: 116772 12265       4       org.springframework.boot.devtools.filewatch.DirectorySnapshot::collectFiles (99 bytes)

Stack: [0x0000009807d00000,0x0000009807e00000]
Native frames: (J=compiled Java code, j=interpreted, Vv=VM code, C=native code)
V  [jvm.dll+0x67a23a]
V  [jvm.dll+0x7da96d]
V  [jvm.dll+0x7dc2b3]
V  [jvm.dll+0x7dc923]
V  [jvm.dll+0x2450ef]
V  [jvm.dll+0xab793]
V  [jvm.dll+0xabd5c]
V  [jvm.dll+0x361d5e]
V  [jvm.dll+0x1b9f44]
V  [jvm.dll+0x2169f7]
V  [jvm.dll+0x215ccf]
V  [jvm.dll+0x1a2980]
V  [jvm.dll+0x22616b]
V  [jvm.dll+0x22430b]
V  [jvm.dll+0x790a8c]
V  [jvm.dll+0x78af1a]
V  [jvm.dll+0x679125]
C  [ucrtbase.dll+0x37b0]
C  [KERNEL32.DLL+0x2e8d7]
C  [ntdll.dll+0x8c53c]


---------------  P R O C E S S  ---------------

Threads class SMR info:
_java_thread_list=0x000001dfe424dec0, length=76, elements={
0x000001df9dbc1120, 0x000001df9dbc3cf0, 0x000001df9dbd32a0, 0x000001df9dbd7d80,
0x000001df9dbd8740, 0x000001df9dbd9100, 0x000001df9dbd9df0, 0x000001df9dbdb530,
0x000001df9dbdce50, 0x000001df9dbab610, 0x000001dfe3a07de0, 0x000001dfe3a082c0,
0x000001dfe4bda2b0, 0x000001dfe4bdb6f0, 0x000001dfe4bda7c0, 0x000001dfe4bdacd0,
0x000001dfe4bdbc00, 0x000001dfe4bd9890, 0x000001dfe78a2fa0, 0x000001dfe78a39c0,
0x000001dfe78a0720, 0x000001dfe78a3ed0, 0x000001dfe78a1650, 0x000001dfe78a43e0,
0x000001dfe78a0c30, 0x000001dfe78a48f0, 0x000001dfe78a1140, 0x000001dfe78a5d30,
0x000001dfe78a80a0, 0x000001dfe78a6750, 0x000001dfe78a6c60, 0x000001dfe78a7680,
0x000001dfe78a7170, 0x000001dfe78a7b90, 0x000001dfe78a4e00, 0x000001dfe78a34b0,
0x000001dfe4bdc110, 0x000001dfe4b0de80, 0x000001dfe4b0cf50, 0x000001dfe4b0f7d0,
0x000001dfe4b0e390, 0x000001dfe4b0d460, 0x000001dfe4b0f2c0, 0x000001dfe4b0d970,
0x000001dfe4b0edb0, 0x000001dfe4b0c020, 0x000001dfe4b0fce0, 0x000001dfe4b0ca40,
0x000001dfe4b0e8a0, 0x000001dfe4b0c530, 0x000001dfe4b13490, 0x000001dfe4b10700,
0x000001dfe4b101f0, 0x000001dfe4b139a0, 0x000001dfe4b12560, 0x000001dfe4b12050,
0x000001dfe4b10c10, 0x000001dfe4b12a70, 0x000001dfe4b12f80, 0x000001dfe4b11120,
0x000001dfe4b11630, 0x000001dfe4b11b40, 0x000001dfef56a040, 0x000001dfef5686f0,
0x000001dfef569620, 0x000001dfef569b30, 0x000001dfef56a550, 0x000001dfef569110,
0x000001dfef56b480, 0x000001dfef5681e0, 0x000001dfef56b990, 0x000001dfef56aa60,
0x000001dfef56bea0, 0x000001dfef56af70, 0x000001dfef568c00, 0x000001dfef56f650
}

Java Threads: ( => current thread )
  0x000001df9dbc1120 JavaThread "Reference Handler" daemon [_thread_blocked, id=31628, stack(0x0000009807700000,0x0000009807800000)]
  0x000001df9dbc3cf0 JavaThread "Finalizer" daemon [_thread_blocked, id=25604, stack(0x0000009807800000,0x0000009807900000)]
  0x000001df9dbd32a0 JavaThread "Signal Dispatcher" daemon [_thread_blocked, id=18388, stack(0x0000009807900000,0x0000009807a00000)]
  0x000001df9dbd7d80 JavaThread "Attach Listener" daemon [_thread_blocked, id=31352, stack(0x0000009807a00000,0x0000009807b00000)]
  0x000001df9dbd8740 JavaThread "Service Thread" daemon [_thread_blocked, id=29848, stack(0x0000009807b00000,0x0000009807c00000)]
  0x000001df9dbd9100 JavaThread "Monitor Deflation Thread" daemon [_thread_blocked, id=29312, stack(0x0000009807c00000,0x0000009807d00000)]
=>0x000001df9dbd9df0 JavaThread "C2 CompilerThread0" daemon [_thread_in_native, id=29992, stack(0x0000009807d00000,0x0000009807e00000)]
  0x000001df9dbdb530 JavaThread "C1 CompilerThread0" daemon [_thread_blocked, id=6336, stack(0x0000009807e00000,0x0000009807f00000)]
  0x000001df9dbdce50 JavaThread "Sweeper thread" daemon [_thread_blocked, id=17168, stack(0x0000009807f00000,0x0000009808000000)]
  0x000001df9dbab610 JavaThread "Common-Cleaner" daemon [_thread_blocked, id=33064, stack(0x0000009808000000,0x0000009808100000)]
  0x000001dfe3a07de0 JavaThread "Monitor Ctrl-Break" daemon [_thread_in_native, id=14912, stack(0x0000009808200000,0x0000009808300000)]
  0x000001dfe3a082c0 JavaThread "Notification Thread" daemon [_thread_blocked, id=26504, stack(0x0000009808300000,0x0000009808400000)]
  0x000001dfe4bda2b0 JavaThread "Catalina-utility-1" [_thread_blocked, id=12368, stack(0x0000009808c00000,0x0000009808d00000)]
  0x000001dfe4bdb6f0 JavaThread "Catalina-utility-2" [_thread_blocked, id=13812, stack(0x0000009809100000,0x0000009809200000)]
  0x000001dfe4bda7c0 JavaThread "container-0" [_thread_blocked, id=720, stack(0x0000009809400000,0x0000009809500000)]
  0x000001dfe4bdacd0 JavaThread "mysql-cj-abandoned-connection-cleanup" daemon [_thread_blocked, id=27332, stack(0x0000009809500000,0x0000009809600000)]
  0x000001dfe4bdbc00 JavaThread "HikariPool-1:housekeeper" daemon [_thread_blocked, id=31028, stack(0x0000009809700000,0x0000009809800000)]
  0x000001dfe4bd9890 JavaThread "HikariPool-2:housekeeper" daemon [_thread_blocked, id=28176, stack(0x0000009809900000,0x0000009809a00000)]
  0x000001dfe78a2fa0 JavaThread "idle-connection-reaper" daemon [_thread_blocked, id=27432, stack(0x000000980a300000,0x000000980a400000)]
  0x000001dfe78a39c0 JavaThread "File Watcher" daemon [_thread_blocked, id=3896, stack(0x0000009809a00000,0x0000009809b00000)]
  0x000001dfe78a0720 JavaThread "Live Reload Server" daemon [_thread_in_native, id=31908, stack(0x000000980a600000,0x000000980a700000)]
  0x000001dfe78a3ed0 JavaThread "MessageBroker-1" [_thread_blocked, id=26848, stack(0x000000980a500000,0x000000980a600000)]
  0x000001dfe78a1650 JavaThread "http-nio-8081-exec-1" daemon [_thread_blocked, id=31388, stack(0x000000980a700000,0x000000980a800000)]
  0x000001dfe78a43e0 JavaThread "http-nio-8081-exec-2" daemon [_thread_blocked, id=10272, stack(0x000000980a800000,0x000000980a900000)]
  0x000001dfe78a0c30 JavaThread "http-nio-8081-exec-3" daemon [_thread_blocked, id=23192, stack(0x000000980a900000,0x000000980aa00000)]
  0x000001dfe78a48f0 JavaThread "http-nio-8081-exec-4" daemon [_thread_blocked, id=33172, stack(0x000000980aa00000,0x000000980ab00000)]
  0x000001dfe78a1140 JavaThread "http-nio-8081-exec-5" daemon [_thread_blocked, id=31600, stack(0x000000980ab00000,0x000000980ac00000)]
  0x000001dfe78a5d30 JavaThread "http-nio-8081-exec-6" daemon [_thread_blocked, id=12600, stack(0x000000980ac00000,0x000000980ad00000)]
  0x000001dfe78a80a0 JavaThread "http-nio-8081-exec-7" daemon [_thread_blocked, id=19700, stack(0x000000980ad00000,0x000000980ae00000)]
  0x000001dfe78a6750 JavaThread "http-nio-8081-exec-8" daemon [_thread_blocked, id=15028, stack(0x000000980ae00000,0x000000980af00000)]
  0x000001dfe78a6c60 JavaThread "http-nio-8081-exec-9" daemon [_thread_blocked, id=26132, stack(0x000000980af00000,0x000000980b000000)]
  0x000001dfe78a7680 JavaThread "http-nio-8081-exec-10" daemon [_thread_blocked, id=19920, stack(0x000000980b000000,0x000000980b100000)]
  0x000001dfe78a7170 JavaThread "http-nio-8081-Poller" daemon [_thread_in_native, id=14104, stack(0x000000980b100000,0x000000980b200000)]
  0x000001dfe78a7b90 JavaThread "http-nio-8081-Acceptor" daemon [_thread_in_native, id=21872, stack(0x000000980b200000,0x000000980b300000)]
  0x000001dfe78a4e00 JavaThread "DestroyJavaVM" [_thread_blocked, id=20456, stack(0x0000009807000000,0x0000009807100000)]
  0x000001dfe78a34b0 JavaThread "MessageBroker-2" [_thread_blocked, id=22708, stack(0x0000009806d00000,0x0000009806e00000)]
  0x000001dfe4bdc110 JavaThread "http-nio-8081-exec-11" daemon [_thread_blocked, id=17568, stack(0x0000009806e00000,0x0000009806f00000)]
  0x000001dfe4b0de80 JavaThread "MessageBroker-3" [_thread_blocked, id=9964, stack(0x0000009806f00000,0x0000009807000000)]
  0x000001dfe4b0cf50 JavaThread "MessageBroker-4" [_thread_blocked, id=1524, stack(0x0000009809800000,0x0000009809900000)]
  0x000001dfe4b0f7d0 JavaThread "MessageBroker-7" [_thread_blocked, id=2288, stack(0x000000980a400000,0x000000980a500000)]
  0x000001dfe4b0e390 JavaThread "MessageBroker-6" [_thread_blocked, id=27652, stack(0x000000980b300000,0x000000980b400000)]
  0x000001dfe4b0d460 JavaThread "MessageBroker-5" [_thread_blocked, id=32624, stack(0x000000980b400000,0x000000980b500000)]
  0x000001dfe4b0f2c0 JavaThread "WebSocket background processing" daemon [_thread_blocked, id=27656, stack(0x000000980b500000,0x000000980b600000)]
  0x000001dfe4b0d970 JavaThread "MessageBroker-8" [_thread_blocked, id=8764, stack(0x000000980b600000,0x000000980b700000)]
  0x000001dfe4b0edb0 JavaThread "clientInboundChannel-3" [_thread_blocked, id=31172, stack(0x000000980b700000,0x000000980b800000)]
  0x000001dfe4b0c020 JavaThread "clientInboundChannel-1" [_thread_blocked, id=14576, stack(0x000000980b800000,0x000000980b900000)]
  0x000001dfe4b0fce0 JavaThread "clientInboundChannel-2" [_thread_blocked, id=29452, stack(0x000000980b900000,0x000000980ba00000)]
  0x000001dfe4b0ca40 JavaThread "clientInboundChannel-4" [_thread_blocked, id=32880, stack(0x000000980ba00000,0x000000980bb00000)]
  0x000001dfe4b0e8a0 JavaThread "clientInboundChannel-5" [_thread_blocked, id=26216, stack(0x000000980bb00000,0x000000980bc00000)]
  0x000001dfe4b0c530 JavaThread "clientInboundChannel-6" [_thread_blocked, id=11540, stack(0x000000980bc00000,0x000000980bd00000)]
  0x000001dfe4b13490 JavaThread "clientInboundChannel-9" [_thread_blocked, id=27256, stack(0x000000980bd00000,0x000000980be00000)]
  0x000001dfe4b10700 JavaThread "clientInboundChannel-8" [_thread_blocked, id=24228, stack(0x000000980be00000,0x000000980bf00000)]
  0x000001dfe4b101f0 JavaThread "clientInboundChannel-7" [_thread_blocked, id=12616, stack(0x000000980bf00000,0x000000980c000000)]
  0x000001dfe4b139a0 JavaThread "clientOutboundChannel-2" [_thread_blocked, id=19160, stack(0x000000980c000000,0x000000980c100000)]
  0x000001dfe4b12560 JavaThread "clientOutboundChannel-1" [_thread_blocked, id=29784, stack(0x000000980c100000,0x000000980c200000)]
  0x000001dfe4b12050 JavaThread "clientOutboundChannel-3" [_thread_blocked, id=29920, stack(0x000000980c200000,0x000000980c300000)]
  0x000001dfe4b10c10 JavaThread "clientInboundChannel-10" [_thread_blocked, id=24004, stack(0x000000980c300000,0x000000980c400000)]
  0x000001dfe4b12a70 JavaThread "clientInboundChannel-11" [_thread_blocked, id=10156, stack(0x000000980c400000,0x000000980c500000)]
  0x000001dfe4b12f80 JavaThread "clientInboundChannel-12" [_thread_blocked, id=30580, stack(0x000000980c500000,0x000000980c600000)]
  0x000001dfe4b11120 JavaThread "clientOutboundChannel-4" [_thread_blocked, id=20044, stack(0x000000980c600000,0x000000980c700000)]
  0x000001dfe4b11630 JavaThread "MessageBroker-11" [_thread_blocked, id=4772, stack(0x000000980c700000,0x000000980c800000)]
  0x000001dfe4b11b40 JavaThread "MessageBroker-9" [_thread_blocked, id=30940, stack(0x000000980c800000,0x000000980c900000)]
  0x000001dfef56a040 JavaThread "MessageBroker-12" [_thread_blocked, id=30704, stack(0x000000980c900000,0x000000980ca00000)]
  0x000001dfef5686f0 JavaThread "MessageBroker-10" [_thread_blocked, id=2276, stack(0x000000980ca00000,0x000000980cb00000)]
  0x000001dfef569620 JavaThread "clientInboundChannel-13" [_thread_blocked, id=32680, stack(0x000000980cb00000,0x000000980cc00000)]
  0x000001dfef569b30 JavaThread "clientInboundChannel-14" [_thread_blocked, id=30364, stack(0x000000980cc00000,0x000000980cd00000)]
  0x000001dfef56a550 JavaThread "clientInboundChannel-15" [_thread_blocked, id=32472, stack(0x000000980cd00000,0x000000980ce00000)]
  0x000001dfef569110 JavaThread "clientInboundChannel-16" [_thread_blocked, id=20072, stack(0x000000980ce00000,0x000000980cf00000)]
  0x000001dfef56b480 JavaThread "clientInboundChannel-17" [_thread_blocked, id=22352, stack(0x000000980cf00000,0x000000980d000000)]
  0x000001dfef5681e0 JavaThread "clientInboundChannel-18" [_thread_blocked, id=24304, stack(0x000000980d000000,0x000000980d100000)]
  0x000001dfef56b990 JavaThread "clientInboundChannel-19" [_thread_blocked, id=28840, stack(0x000000980d100000,0x000000980d200000)]
  0x000001dfef56aa60 JavaThread "clientInboundChannel-20" [_thread_blocked, id=23756, stack(0x000000980d200000,0x000000980d300000)]
  0x000001dfef56bea0 JavaThread "clientInboundChannel-21" [_thread_blocked, id=21396, stack(0x000000980d300000,0x000000980d400000)]
  0x000001dfef56af70 JavaThread "clientInboundChannel-22" [_thread_blocked, id=32000, stack(0x000000980d400000,0x000000980d500000)]
  0x000001dfef568c00 JavaThread "clientInboundChannel-23" [_thread_blocked, id=32516, stack(0x000000980d500000,0x000000980d600000)]
  0x000001dfef56f650 JavaThread "clientInboundChannel-24" [_thread_blocked, id=7788, stack(0x000000980d600000,0x000000980d700000)]

Other Threads:
  0x000001df9dbb9660 VMThread "VM Thread" [stack: 0x0000009807600000,0x0000009807700000] [id=22176]
  0x000001dfe3a08bb0 WatcherThread [stack: 0x0000009808400000,0x0000009808500000] [id=21168]
  0x000001dffeecf6d0 GCTaskThread "GC Thread#0" [stack: 0x0000009807100000,0x0000009807200000] [id=9440]
  0x000001dfe32c5f20 GCTaskThread "GC Thread#1" [stack: 0x0000009808500000,0x0000009808600000] [id=9804]
  0x000001dfe32c61e0 GCTaskThread "GC Thread#2" [stack: 0x0000009808600000,0x0000009808700000] [id=13984]
  0x000001dfe32c64a0 GCTaskThread "GC Thread#3" [stack: 0x0000009808700000,0x0000009808800000] [id=12444]
  0x000001dfe32c6ce0 GCTaskThread "GC Thread#4" [stack: 0x0000009808800000,0x0000009808900000] [id=31816]
  0x000001dfe32c7260 GCTaskThread "GC Thread#5" [stack: 0x0000009808b00000,0x0000009808c00000] [id=32412]
  0x000001dfe32c6fa0 GCTaskThread "GC Thread#6" [stack: 0x0000009808d00000,0x0000009808e00000] [id=22420]
  0x000001dfe32c6a20 GCTaskThread "GC Thread#7" [stack: 0x0000009808e00000,0x0000009808f00000] [id=28588]
  0x000001dfe582ac80 GCTaskThread "GC Thread#8" [stack: 0x0000009808f00000,0x0000009809000000] [id=3376]
  0x000001dfe582b200 GCTaskThread "GC Thread#9" [stack: 0x0000009809000000,0x0000009809100000] [id=25396]
  0x000001dffeedc300 ConcurrentGCThread "G1 Main Marker" [stack: 0x0000009807200000,0x0000009807300000] [id=26136]
  0x000001dffeee02e0 ConcurrentGCThread "G1 Conc#0" [stack: 0x0000009807300000,0x0000009807400000] [id=20916]
  0x000001dfe582c540 ConcurrentGCThread "G1 Conc#1" [stack: 0x0000009809200000,0x0000009809300000] [id=28240]
  0x000001dfe582af40 ConcurrentGCThread "G1 Conc#2" [stack: 0x0000009809300000,0x0000009809400000] [id=25656]
  0x000001df9da70720 ConcurrentGCThread "G1 Refine#0" [stack: 0x0000009807400000,0x0000009807500000] [id=14876]
  0x000001dfe7e2ddd0 ConcurrentGCThread "G1 Refine#1" [stack: 0x0000009809b00000,0x0000009809c00000] [id=20604]
  0x000001dfe7e2f840 ConcurrentGCThread "G1 Refine#2" [stack: 0x0000009809c00000,0x0000009809d00000] [id=21684]
  0x000001dfe7e2cc30 ConcurrentGCThread "G1 Refine#3" [stack: 0x0000009809d00000,0x0000009809e00000] [id=24128]
  0x000001dfe7e2f260 ConcurrentGCThread "G1 Refine#4" [stack: 0x0000009808100000,0x0000009808200000] [id=30660]
  0x000001dfe7e2c070 ConcurrentGCThread "G1 Refine#5" [stack: 0x0000009809e00000,0x0000009809f00000] [id=3976]
  0x000001dfe7e2d210 ConcurrentGCThread "G1 Refine#6" [stack: 0x0000009809f00000,0x000000980a000000] [id=18324]
  0x000001dfe7e2e990 ConcurrentGCThread "G1 Refine#7" [stack: 0x000000980a000000,0x000000980a100000] [id=19248]
  0x000001dfe7e2fb30 ConcurrentGCThread "G1 Refine#8" [stack: 0x000000980a100000,0x000000980a200000] [id=25488]
  0x000001dfe7e2d500 ConcurrentGCThread "G1 Refine#9" [stack: 0x000000980a200000,0x000000980a300000] [id=26520]
  0x000001df9da70ff0 ConcurrentGCThread "G1 Service" [stack: 0x0000009807500000,0x0000009807600000] [id=9996]

Threads with active compile tasks:
C2 CompilerThread0   116809 12265       4       org.springframework.boot.devtools.filewatch.DirectorySnapshot::collectFiles (99 bytes)

VM state: not at safepoint (normal execution)

VM Mutex/Monitor currently owned by a thread: None

Heap address: 0x00000000a2400000, size: 1500 MB, Compressed Oops mode: 32-bit

CDS archive(s) mapped at: [0x000001df9e000000-0x000001df9ebd0000-0x000001df9ebd0000), size 12386304, SharedBaseAddress: 0x000001df9e000000, ArchiveRelocationMode: 1.
Compressed class space mapped at: 0x000001df9f000000-0x000001dfdf000000, reserved size: 1073741824
Narrow klass base: 0x000001df9e000000, Narrow klass shift: 0, Narrow klass range: 0x100000000

GC Precious Log:
 CPUs: 12 total, 12 available
 Memory: 5996M
 Large Page Support: Disabled
 NUMA Support: Disabled
 Compressed Oops: Enabled (32-bit)
 Heap Region Size: 1M
 Heap Min Capacity: 8M
 Heap Initial Capacity: 94M
 Heap Max Capacity: 1500M
 Pre-touch: Disabled
 Parallel Workers: 10
 Concurrent Workers: 3
 Concurrent Refinement Workers: 10
 Periodic GC: Disabled

Heap:
 garbage-first heap   total 395264K, used 191199K [0x00000000a2400000, 0x0000000100000000)
  region size 1024K, 55 young (56320K), 14 survivors (14336K)
 Metaspace       used 104936K, committed 105792K, reserved 1179648K
  class space    used 14173K, committed 14592K, reserved 1048576K

Heap Regions: E=young(eden), S=young(survivor), O=old, HS=humongous(starts), HC=humongous(continues), CS=collection set, F=free, OA=open archive, CA=closed archive, TAMS=top-at-mark-start (previous, next)
|   0|0x00000000a2400000, 0x00000000a2500000, 0x00000000a2500000|100%|HS|  |TAMS 0x00000000a2500000, 0x00000000a2400000| Complete 
|   1|0x00000000a2500000, 0x00000000a2600000, 0x00000000a2600000|100%|HS|  |TAMS 0x00000000a2600000, 0x00000000a2500000| Complete 
|   2|0x00000000a2600000, 0x00000000a2700000, 0x00000000a2700000|100%| O|  |TAMS 0x00000000a2700000, 0x00000000a2600000| Untracked 
|   3|0x00000000a2700000, 0x00000000a2800000, 0x00000000a2800000|100%| O|  |TAMS 0x00000000a2800000, 0x00000000a2700000| Untracked 
|   4|0x00000000a2800000, 0x00000000a2900000, 0x00000000a2900000|100%| O|  |TAMS 0x00000000a2900000, 0x00000000a2800000| Untracked 
|   5|0x00000000a2900000, 0x00000000a2a00000, 0x00000000a2a00000|100%| O|  |TAMS 0x00000000a2a00000, 0x00000000a2900000| Untracked 
|   6|0x00000000a2a00000, 0x00000000a2b00000, 0x00000000a2b00000|100%| O|  |TAMS 0x00000000a2b00000, 0x00000000a2a00000| Untracked 
|   7|0x00000000a2b00000, 0x00000000a2c00000, 0x00000000a2c00000|100%| O|  |TAMS 0x00000000a2c00000, 0x00000000a2b00000| Untracked 
|   8|0x00000000a2c00000, 0x00000000a2d00000, 0x00000000a2d00000|100%| O|  |TAMS 0x00000000a2d00000, 0x00000000a2c00000| Untracked 
|   9|0x00000000a2d00000, 0x00000000a2e00000, 0x00000000a2e00000|100%| O|  |TAMS 0x00000000a2e00000, 0x00000000a2d00000| Untracked 
|  10|0x00000000a2e00000, 0x00000000a2f00000, 0x00000000a2f00000|100%| O|  |TAMS 0x00000000a2f00000, 0x00000000a2e00000| Untracked 
|  11|0x00000000a2f00000, 0x00000000a3000000, 0x00000000a3000000|100%| O|  |TAMS 0x00000000a3000000, 0x00000000a2f00000| Untracked 
|  12|0x00000000a3000000, 0x00000000a3100000, 0x00000000a3100000|100%| O|  |TAMS 0x00000000a3100000, 0x00000000a3000000| Untracked 
|  13|0x00000000a3100000, 0x00000000a3200000, 0x00000000a3200000|100%| O|  |TAMS 0x00000000a3200000, 0x00000000a3100000| Untracked 
|  14|0x00000000a3200000, 0x00000000a3300000, 0x00000000a3300000|100%| O|  |TAMS 0x00000000a3300000, 0x00000000a3200000| Untracked 
|  15|0x00000000a3300000, 0x00000000a3400000, 0x00000000a3400000|100%| O|  |TAMS 0x00000000a3400000, 0x00000000a3300000| Untracked 
|  16|0x00000000a3400000, 0x00000000a3500000, 0x00000000a3500000|100%| O|  |TAMS 0x00000000a3500000, 0x00000000a3400000| Untracked 
|  17|0x00000000a3500000, 0x00000000a3600000, 0x00000000a3600000|100%| O|  |TAMS 0x00000000a3600000, 0x00000000a3500000| Untracked 
|  18|0x00000000a3600000, 0x00000000a3700000, 0x00000000a3700000|100%| O|  |TAMS 0x00000000a3700000, 0x00000000a3600000| Untracked 
|  19|0x00000000a3700000, 0x00000000a3800000, 0x00000000a3800000|100%| O|  |TAMS 0x00000000a3800000, 0x00000000a3700000| Untracked 
|  20|0x00000000a3800000, 0x00000000a3900000, 0x00000000a3900000|100%| O|  |TAMS 0x00000000a3900000, 0x00000000a3800000| Untracked 
|  21|0x00000000a3900000, 0x00000000a3a00000, 0x00000000a3a00000|100%| O|  |TAMS 0x00000000a3a00000, 0x00000000a3900000| Untracked 
|  22|0x00000000a3a00000, 0x00000000a3a00000, 0x00000000a3b00000|  0%| F|  |TAMS 0x00000000a3a00000, 0x00000000a3a00000| Untracked 
|  23|0x00000000a3b00000, 0x00000000a3c00000, 0x00000000a3c00000|100%| O|  |TAMS 0x00000000a3c00000, 0x00000000a3b00000| Untracked 
|  24|0x00000000a3c00000, 0x00000000a3d00000, 0x00000000a3d00000|100%| O|  |TAMS 0x00000000a3d00000, 0x00000000a3c00000| Untracked 
|  25|0x00000000a3d00000, 0x00000000a3e00000, 0x00000000a3e00000|100%| O|  |TAMS 0x00000000a3e00000, 0x00000000a3d00000| Untracked 
|  26|0x00000000a3e00000, 0x00000000a3f00000, 0x00000000a3f00000|100%| O|  |TAMS 0x00000000a3f00000, 0x00000000a3e00000| Untracked 
|  27|0x00000000a3f00000, 0x00000000a4000000, 0x00000000a4000000|100%| O|  |TAMS 0x00000000a4000000, 0x00000000a3f00000| Untracked 
|  28|0x00000000a4000000, 0x00000000a4100000, 0x00000000a4100000|100%| O|  |TAMS 0x00000000a4100000, 0x00000000a4000000| Untracked 
|  29|0x00000000a4100000, 0x00000000a4200000, 0x00000000a4200000|100%| O|  |TAMS 0x00000000a4200000, 0x00000000a4100000| Untracked 
|  30|0x00000000a4200000, 0x00000000a4300000, 0x00000000a4300000|100%| O|  |TAMS 0x00000000a4300000, 0x00000000a4200000| Untracked 
|  31|0x00000000a4300000, 0x00000000a4400000, 0x00000000a4400000|100%| O|  |TAMS 0x00000000a4400000, 0x00000000a4300000| Untracked 
|  32|0x00000000a4400000, 0x00000000a4500000, 0x00000000a4500000|100%| O|  |TAMS 0x00000000a4500000, 0x00000000a4400000| Untracked 
|  33|0x00000000a4500000, 0x00000000a4600000, 0x00000000a4600000|100%| O|  |TAMS 0x00000000a4600000, 0x00000000a4500000| Untracked 
|  34|0x00000000a4600000, 0x00000000a4700000, 0x00000000a4700000|100%| O|  |TAMS 0x00000000a4700000, 0x00000000a4600000| Untracked 
|  35|0x00000000a4700000, 0x00000000a4800000, 0x00000000a4800000|100%| O|  |TAMS 0x00000000a4800000, 0x00000000a4700000| Untracked 
|  36|0x00000000a4800000, 0x00000000a4900000, 0x00000000a4900000|100%| O|  |TAMS 0x00000000a4900000, 0x00000000a4800000| Untracked 
|  37|0x00000000a4900000, 0x00000000a4a00000, 0x00000000a4a00000|100%| O|  |TAMS 0x00000000a4a00000, 0x00000000a4900000| Untracked 
|  38|0x00000000a4a00000, 0x00000000a4b00000, 0x00000000a4b00000|100%| O|  |TAMS 0x00000000a4b00000, 0x00000000a4a00000| Untracked 
|  39|0x00000000a4b00000, 0x00000000a4c00000, 0x00000000a4c00000|100%| O|  |TAMS 0x00000000a4c00000, 0x00000000a4b00000| Untracked 
|  40|0x00000000a4c00000, 0x00000000a4d00000, 0x00000000a4d00000|100%| O|  |TAMS 0x00000000a4d00000, 0x00000000a4c00000| Untracked 
|  41|0x00000000a4d00000, 0x00000000a4e00000, 0x00000000a4e00000|100%| O|  |TAMS 0x00000000a4e00000, 0x00000000a4d00000| Untracked 
|  42|0x00000000a4e00000, 0x00000000a4f00000, 0x00000000a4f00000|100%| O|  |TAMS 0x00000000a4f00000, 0x00000000a4e00000| Untracked 
|  43|0x00000000a4f00000, 0x00000000a5000000, 0x00000000a5000000|100%| O|  |TAMS 0x00000000a5000000, 0x00000000a4f00000| Untracked 
|  44|0x00000000a5000000, 0x00000000a5100000, 0x00000000a5100000|100%| O|  |TAMS 0x00000000a5100000, 0x00000000a5000000| Untracked 
|  45|0x00000000a5100000, 0x00000000a5200000, 0x00000000a5200000|100%| O|  |TAMS 0x00000000a5200000, 0x00000000a5100000| Untracked 
|  46|0x00000000a5200000, 0x00000000a5300000, 0x00000000a5300000|100%| O|  |TAMS 0x00000000a5300000, 0x00000000a5200000| Untracked 
|  47|0x00000000a5300000, 0x00000000a5400000, 0x00000000a5400000|100%| O|  |TAMS 0x00000000a5400000, 0x00000000a5300000| Untracked 
|  48|0x00000000a5400000, 0x00000000a5500000, 0x00000000a5500000|100%| O|  |TAMS 0x00000000a5500000, 0x00000000a5400000| Untracked 
|  49|0x00000000a5500000, 0x00000000a5600000, 0x00000000a5600000|100%| O|  |TAMS 0x00000000a5600000, 0x00000000a5500000| Untracked 
|  50|0x00000000a5600000, 0x00000000a5700000, 0x00000000a5700000|100%| O|  |TAMS 0x00000000a5600000, 0x00000000a5600000| Untracked 
|  51|0x00000000a5700000, 0x00000000a5800000, 0x00000000a5800000|100%| O|  |TAMS 0x00000000a5800000, 0x00000000a5700000| Untracked 
|  52|0x00000000a5800000, 0x00000000a5900000, 0x00000000a5900000|100%| O|  |TAMS 0x00000000a5900000, 0x00000000a5800000| Untracked 
|  53|0x00000000a5900000, 0x00000000a5a00000, 0x00000000a5a00000|100%| O|  |TAMS 0x00000000a5a00000, 0x00000000a5900000| Untracked 
|  54|0x00000000a5a00000, 0x00000000a5b00000, 0x00000000a5b00000|100%| O|  |TAMS 0x00000000a5b00000, 0x00000000a5a00000| Untracked 
|  55|0x00000000a5b00000, 0x00000000a5c00000, 0x00000000a5c00000|100%| O|  |TAMS 0x00000000a5c00000, 0x00000000a5b00000| Untracked 
|  56|0x00000000a5c00000, 0x00000000a5d00000, 0x00000000a5d00000|100%| O|  |TAMS 0x00000000a5d00000, 0x00000000a5c00000| Untracked 
|  57|0x00000000a5d00000, 0x00000000a5e00000, 0x00000000a5e00000|100%| O|  |TAMS 0x00000000a5e00000, 0x00000000a5d00000| Untracked 
|  58|0x00000000a5e00000, 0x00000000a5f00000, 0x00000000a5f00000|100%| O|  |TAMS 0x00000000a5f00000, 0x00000000a5e00000| Untracked 
|  59|0x00000000a5f00000, 0x00000000a6000000, 0x00000000a6000000|100%| O|  |TAMS 0x00000000a6000000, 0x00000000a5f00000| Untracked 
|  60|0x00000000a6000000, 0x00000000a6100000, 0x00000000a6100000|100%| O|  |TAMS 0x00000000a6100000, 0x00000000a6000000| Untracked 
|  61|0x00000000a6100000, 0x00000000a6200000, 0x00000000a6200000|100%| O|  |TAMS 0x00000000a6200000, 0x00000000a6100000| Untracked 
|  62|0x00000000a6200000, 0x00000000a6300000, 0x00000000a6300000|100%| O|  |TAMS 0x00000000a6200000, 0x00000000a6200000| Untracked 
|  63|0x00000000a6300000, 0x00000000a6400000, 0x00000000a6400000|100%| O|  |TAMS 0x00000000a6300000, 0x00000000a6300000| Untracked 
|  64|0x00000000a6400000, 0x00000000a6500000, 0x00000000a6500000|100%| O|  |TAMS 0x00000000a6400000, 0x00000000a6400000| Untracked 
|  65|0x00000000a6500000, 0x00000000a6600000, 0x00000000a6600000|100%| O|  |TAMS 0x00000000a6500000, 0x00000000a6500000| Untracked 
|  66|0x00000000a6600000, 0x00000000a6700000, 0x00000000a6700000|100%| O|  |TAMS 0x00000000a6600000, 0x00000000a6600000| Untracked 
|  67|0x00000000a6700000, 0x00000000a6800000, 0x00000000a6800000|100%| O|  |TAMS 0x00000000a6700000, 0x00000000a6700000| Untracked 
|  68|0x00000000a6800000, 0x00000000a6900000, 0x00000000a6900000|100%| O|  |TAMS 0x00000000a6900000, 0x00000000a6800000| Untracked 
|  69|0x00000000a6900000, 0x00000000a6a00000, 0x00000000a6a00000|100%| O|  |TAMS 0x00000000a69c3e00, 0x00000000a6900000| Untracked 
|  70|0x00000000a6a00000, 0x00000000a6b00000, 0x00000000a6b00000|100%| O|  |TAMS 0x00000000a6a00000, 0x00000000a6a00000| Untracked 
|  71|0x00000000a6b00000, 0x00000000a6c00000, 0x00000000a6c00000|100%| O|  |TAMS 0x00000000a6b00000, 0x00000000a6b00000| Untracked 
|  72|0x00000000a6c00000, 0x00000000a6d00000, 0x00000000a6d00000|100%| O|  |TAMS 0x00000000a6c00000, 0x00000000a6c00000| Untracked 
|  73|0x00000000a6d00000, 0x00000000a6e00000, 0x00000000a6e00000|100%| O|  |TAMS 0x00000000a6d00000, 0x00000000a6d00000| Untracked 
|  74|0x00000000a6e00000, 0x00000000a6f00000, 0x00000000a6f00000|100%| O|  |TAMS 0x00000000a6e00000, 0x00000000a6e00000| Untracked 
|  75|0x00000000a6f00000, 0x00000000a7000000, 0x00000000a7000000|100%| O|  |TAMS 0x00000000a6f00000, 0x00000000a6f00000| Untracked 
|  76|0x00000000a7000000, 0x00000000a7100000, 0x00000000a7100000|100%| O|  |TAMS 0x00000000a7000000, 0x00000000a7000000| Untracked 
|  77|0x00000000a7100000, 0x00000000a7200000, 0x00000000a7200000|100%| O|  |TAMS 0x00000000a7100000, 0x00000000a7100000| Untracked 
|  78|0x00000000a7200000, 0x00000000a7300000, 0x00000000a7300000|100%| O|  |TAMS 0x00000000a7200000, 0x00000000a7200000| Untracked 
|  79|0x00000000a7300000, 0x00000000a7400000, 0x00000000a7400000|100%| O|  |TAMS 0x00000000a7300000, 0x00000000a7300000| Untracked 
|  80|0x00000000a7400000, 0x00000000a7500000, 0x00000000a7500000|100%| O|  |TAMS 0x00000000a7400000, 0x00000000a7400000| Untracked 
|  81|0x00000000a7500000, 0x00000000a7600000, 0x00000000a7600000|100%| O|  |TAMS 0x00000000a7500000, 0x00000000a7500000| Untracked 
|  82|0x00000000a7600000, 0x00000000a7700000, 0x00000000a7700000|100%| O|  |TAMS 0x00000000a7600000, 0x00000000a7600000| Untracked 
|  83|0x00000000a7700000, 0x00000000a7800000, 0x00000000a7800000|100%| O|  |TAMS 0x00000000a7700000, 0x00000000a7700000| Untracked 
|  84|0x00000000a7800000, 0x00000000a7900000, 0x00000000a7900000|100%| O|  |TAMS 0x00000000a7800000, 0x00000000a7800000| Untracked 
|  85|0x00000000a7900000, 0x00000000a7a00000, 0x00000000a7a00000|100%| O|  |TAMS 0x00000000a7900000, 0x00000000a7900000| Untracked 
|  86|0x00000000a7a00000, 0x00000000a7b00000, 0x00000000a7b00000|100%| O|  |TAMS 0x00000000a7a00000, 0x00000000a7a00000| Untracked 
|  87|0x00000000a7b00000, 0x00000000a7c00000, 0x00000000a7c00000|100%|HS|  |TAMS 0x00000000a7b00000, 0x00000000a7b00000| Complete 
|  88|0x00000000a7c00000, 0x00000000a7d00000, 0x00000000a7d00000|100%|HS|  |TAMS 0x00000000a7c00000, 0x00000000a7c00000| Complete 
|  89|0x00000000a7d00000, 0x00000000a7e00000, 0x00000000a7e00000|100%|HC|  |TAMS 0x00000000a7d00000, 0x00000000a7d00000| Complete 
|  90|0x00000000a7e00000, 0x00000000a7f00000, 0x00000000a7f00000|100%| O|  |TAMS 0x00000000a7e00000, 0x00000000a7e00000| Untracked 
|  91|0x00000000a7f00000, 0x00000000a8000000, 0x00000000a8000000|100%| O|  |TAMS 0x00000000a7f00000, 0x00000000a7f00000| Untracked 
|  92|0x00000000a8000000, 0x00000000a8100000, 0x00000000a8100000|100%| O|  |TAMS 0x00000000a8000000, 0x00000000a8000000| Untracked 
|  93|0x00000000a8100000, 0x00000000a8200000, 0x00000000a8200000|100%| O|  |TAMS 0x00000000a8100000, 0x00000000a8100000| Untracked 
|  94|0x00000000a8200000, 0x00000000a8300000, 0x00000000a8300000|100%| O|  |TAMS 0x00000000a8200000, 0x00000000a8200000| Untracked 
|  95|0x00000000a8300000, 0x00000000a8400000, 0x00000000a8400000|100%| O|  |TAMS 0x00000000a8300000, 0x00000000a8300000| Untracked 
|  96|0x00000000a8400000, 0x00000000a8500000, 0x00000000a8500000|100%| O|  |TAMS 0x00000000a8400000, 0x00000000a8400000| Untracked 
|  97|0x00000000a8500000, 0x00000000a8600000, 0x00000000a8600000|100%| O|  |TAMS 0x00000000a8500000, 0x00000000a8500000| Untracked 
|  98|0x00000000a8600000, 0x00000000a8700000, 0x00000000a8700000|100%| O|  |TAMS 0x00000000a8600000, 0x00000000a8600000| Untracked 
|  99|0x00000000a8700000, 0x00000000a8800000, 0x00000000a8800000|100%| O|  |TAMS 0x00000000a8700000, 0x00000000a8700000| Untracked 
| 100|0x00000000a8800000, 0x00000000a8900000, 0x00000000a8900000|100%| O|  |TAMS 0x00000000a8800000, 0x00000000a8800000| Untracked 
| 101|0x00000000a8900000, 0x00000000a8a00000, 0x00000000a8a00000|100%| O|  |TAMS 0x00000000a8900000, 0x00000000a8900000| Untracked 
| 102|0x00000000a8a00000, 0x00000000a8b00000, 0x00000000a8b00000|100%| O|  |TAMS 0x00000000a8a00000, 0x00000000a8a00000| Untracked 
| 103|0x00000000a8b00000, 0x00000000a8c00000, 0x00000000a8c00000|100%| O|  |TAMS 0x00000000a8b00000, 0x00000000a8b00000| Untracked 
| 104|0x00000000a8c00000, 0x00000000a8d00000, 0x00000000a8d00000|100%| O|  |TAMS 0x00000000a8c00000, 0x00000000a8c00000| Untracked 
| 105|0x00000000a8d00000, 0x00000000a8e00000, 0x00000000a8e00000|100%| O|  |TAMS 0x00000000a8d00000, 0x00000000a8d00000| Untracked 
| 106|0x00000000a8e00000, 0x00000000a8f00000, 0x00000000a8f00000|100%| O|  |TAMS 0x00000000a8e00000, 0x00000000a8e00000| Untracked 
| 107|0x00000000a8f00000, 0x00000000a9000000, 0x00000000a9000000|100%| O|  |TAMS 0x00000000a8f00000, 0x00000000a8f00000| Untracked 
| 108|0x00000000a9000000, 0x00000000a9100000, 0x00000000a9100000|100%| O|  |TAMS 0x00000000a9000000, 0x00000000a9000000| Untracked 
| 109|0x00000000a9100000, 0x00000000a9200000, 0x00000000a9200000|100%| O|  |TAMS 0x00000000a9100000, 0x00000000a9100000| Untracked 
| 110|0x00000000a9200000, 0x00000000a9300000, 0x00000000a9300000|100%| O|  |TAMS 0x00000000a9200000, 0x00000000a9200000| Untracked 
| 111|0x00000000a9300000, 0x00000000a9400000, 0x00000000a9400000|100%| O|  |TAMS 0x00000000a9300000, 0x00000000a9300000| Untracked 
| 112|0x00000000a9400000, 0x00000000a9500000, 0x00000000a9500000|100%| O|  |TAMS 0x00000000a9400000, 0x00000000a9400000| Untracked 
| 113|0x00000000a9500000, 0x00000000a9600000, 0x00000000a9600000|100%| O|  |TAMS 0x00000000a9500000, 0x00000000a9500000| Untracked 
| 114|0x00000000a9600000, 0x00000000a9700000, 0x00000000a9700000|100%| O|  |TAMS 0x00000000a9600000, 0x00000000a9600000| Untracked 
| 115|0x00000000a9700000, 0x00000000a9800000, 0x00000000a9800000|100%| O|  |TAMS 0x00000000a9700000, 0x00000000a9700000| Untracked 
| 116|0x00000000a9800000, 0x00000000a9900000, 0x00000000a9900000|100%| O|  |TAMS 0x00000000a9800000, 0x00000000a9800000| Untracked 
| 117|0x00000000a9900000, 0x00000000a9a00000, 0x00000000a9a00000|100%| O|  |TAMS 0x00000000a9900000, 0x00000000a9900000| Untracked 
| 118|0x00000000a9a00000, 0x00000000a9b00000, 0x00000000a9b00000|100%| O|  |TAMS 0x00000000a9a00000, 0x00000000a9a00000| Untracked 
| 119|0x00000000a9b00000, 0x00000000a9c00000, 0x00000000a9c00000|100%| O|  |TAMS 0x00000000a9b00000, 0x00000000a9b00000| Untracked 
| 120|0x00000000a9c00000, 0x00000000a9d00000, 0x00000000a9d00000|100%| O|  |TAMS 0x00000000a9c00000, 0x00000000a9c00000| Untracked 
| 121|0x00000000a9d00000, 0x00000000a9e00000, 0x00000000a9e00000|100%| O|  |TAMS 0x00000000a9d00000, 0x00000000a9d00000| Untracked 
| 122|0x00000000a9e00000, 0x00000000a9f00000, 0x00000000a9f00000|100%| O|  |TAMS 0x00000000a9e00000, 0x00000000a9e00000| Untracked 
| 123|0x00000000a9f00000, 0x00000000aa000000, 0x00000000aa000000|100%| O|  |TAMS 0x00000000a9f00000, 0x00000000a9f00000| Untracked 
| 124|0x00000000aa000000, 0x00000000aa100000, 0x00000000aa100000|100%| O|  |TAMS 0x00000000aa000000, 0x00000000aa000000| Untracked 
| 125|0x00000000aa100000, 0x00000000aa200000, 0x00000000aa200000|100%| O|  |TAMS 0x00000000aa100000, 0x00000000aa100000| Untracked 
| 126|0x00000000aa200000, 0x00000000aa300000, 0x00000000aa300000|100%| O|  |TAMS 0x00000000aa200000, 0x00000000aa200000| Untracked 
| 127|0x00000000aa300000, 0x00000000aa400000, 0x00000000aa400000|100%| O|  |TAMS 0x00000000aa300000, 0x00000000aa300000| Untracked 
| 128|0x00000000aa400000, 0x00000000aa500000, 0x00000000aa500000|100%| O|  |TAMS 0x00000000aa400000, 0x00000000aa400000| Untracked 
| 129|0x00000000aa500000, 0x00000000aa600000, 0x00000000aa600000|100%| O|  |TAMS 0x00000000aa500000, 0x00000000aa500000| Untracked 
| 130|0x00000000aa600000, 0x00000000aa700000, 0x00000000aa700000|100%| O|  |TAMS 0x00000000aa600000, 0x00000000aa600000| Untracked 
| 131|0x00000000aa700000, 0x00000000aa800000, 0x00000000aa800000|100%| O|  |TAMS 0x00000000aa700000, 0x00000000aa700000| Untracked 
| 132|0x00000000aa800000, 0x00000000aa900000, 0x00000000aa900000|100%| O|  |TAMS 0x00000000aa800000, 0x00000000aa800000| Untracked 
| 133|0x00000000aa900000, 0x00000000aaa00000, 0x00000000aaa00000|100%| O|  |TAMS 0x00000000aa900000, 0x00000000aa900000| Untracked 
| 134|0x00000000aaa00000, 0x00000000aaa5f600, 0x00000000aab00000| 37%| O|  |TAMS 0x00000000aaa00000, 0x00000000aaa00000| Untracked 
| 135|0x00000000aab00000, 0x00000000aab00000, 0x00000000aac00000|  0%| F|  |TAMS 0x00000000aab00000, 0x00000000aab00000| Untracked 
| 136|0x00000000aac00000, 0x00000000aac00000, 0x00000000aad00000|  0%| F|  |TAMS 0x00000000aac00000, 0x00000000aac00000| Untracked 
| 137|0x00000000aad00000, 0x00000000aad00000, 0x00000000aae00000|  0%| F|  |TAMS 0x00000000aad00000, 0x00000000aad00000| Untracked 
| 138|0x00000000aae00000, 0x00000000aae00000, 0x00000000aaf00000|  0%| F|  |TAMS 0x00000000aae00000, 0x00000000aae00000| Untracked 
| 139|0x00000000aaf00000, 0x00000000aaf00000, 0x00000000ab000000|  0%| F|  |TAMS 0x00000000aaf00000, 0x00000000aaf00000| Untracked 
| 140|0x00000000ab000000, 0x00000000ab000000, 0x00000000ab100000|  0%| F|  |TAMS 0x00000000ab000000, 0x00000000ab000000| Untracked 
| 141|0x00000000ab100000, 0x00000000ab100000, 0x00000000ab200000|  0%| F|  |TAMS 0x00000000ab100000, 0x00000000ab100000| Untracked 
| 142|0x00000000ab200000, 0x00000000ab200000, 0x00000000ab300000|  0%| F|  |TAMS 0x00000000ab200000, 0x00000000ab200000| Untracked 
| 143|0x00000000ab300000, 0x00000000ab300000, 0x00000000ab400000|  0%| F|  |TAMS 0x00000000ab300000, 0x00000000ab300000| Untracked 
| 144|0x00000000ab400000, 0x00000000ab400000, 0x00000000ab500000|  0%| F|  |TAMS 0x00000000ab400000, 0x00000000ab400000| Untracked 
| 145|0x00000000ab500000, 0x00000000ab500000, 0x00000000ab600000|  0%| F|  |TAMS 0x00000000ab500000, 0x00000000ab500000| Untracked 
| 146|0x00000000ab600000, 0x00000000ab600000, 0x00000000ab700000|  0%| F|  |TAMS 0x00000000ab600000, 0x00000000ab600000| Untracked 
| 147|0x00000000ab700000, 0x00000000ab700000, 0x00000000ab800000|  0%| F|  |TAMS 0x00000000ab700000, 0x00000000ab700000| Untracked 
| 148|0x00000000ab800000, 0x00000000ab800000, 0x00000000ab900000|  0%| F|  |TAMS 0x00000000ab800000, 0x00000000ab800000| Untracked 
| 149|0x00000000ab900000, 0x00000000ab900000, 0x00000000aba00000|  0%| F|  |TAMS 0x00000000ab900000, 0x00000000ab900000| Untracked 
| 150|0x00000000aba00000, 0x00000000aba00000, 0x00000000abb00000|  0%| F|  |TAMS 0x00000000aba00000, 0x00000000aba00000| Untracked 
| 151|0x00000000abb00000, 0x00000000abb00000, 0x00000000abc00000|  0%| F|  |TAMS 0x00000000abb00000, 0x00000000abb00000| Untracked 
| 152|0x00000000abc00000, 0x00000000abc00000, 0x00000000abd00000|  0%| F|  |TAMS 0x00000000abc00000, 0x00000000abc00000| Untracked 
| 153|0x00000000abd00000, 0x00000000abd00000, 0x00000000abe00000|  0%| F|  |TAMS 0x00000000abd00000, 0x00000000abd00000| Untracked 
| 154|0x00000000abe00000, 0x00000000abe00000, 0x00000000abf00000|  0%| F|  |TAMS 0x00000000abe00000, 0x00000000abe00000| Untracked 
| 155|0x00000000abf00000, 0x00000000abf00000, 0x00000000ac000000|  0%| F|  |TAMS 0x00000000abf00000, 0x00000000abf00000| Untracked 
| 156|0x00000000ac000000, 0x00000000ac000000, 0x00000000ac100000|  0%| F|  |TAMS 0x00000000ac000000, 0x00000000ac000000| Untracked 
| 157|0x00000000ac100000, 0x00000000ac100000, 0x00000000ac200000|  0%| F|  |TAMS 0x00000000ac100000, 0x00000000ac100000| Untracked 
| 158|0x00000000ac200000, 0x00000000ac200000, 0x00000000ac300000|  0%| F|  |TAMS 0x00000000ac200000, 0x00000000ac200000| Untracked 
| 159|0x00000000ac300000, 0x00000000ac300000, 0x00000000ac400000|  0%| F|  |TAMS 0x00000000ac300000, 0x00000000ac300000| Untracked 
| 160|0x00000000ac400000, 0x00000000ac400000, 0x00000000ac500000|  0%| F|  |TAMS 0x00000000ac400000, 0x00000000ac400000| Untracked 
| 161|0x00000000ac500000, 0x00000000ac500000, 0x00000000ac600000|  0%| F|  |TAMS 0x00000000ac500000, 0x00000000ac500000| Untracked 
| 162|0x00000000ac600000, 0x00000000ac600000, 0x00000000ac700000|  0%| F|  |TAMS 0x00000000ac600000, 0x00000000ac600000| Untracked 
| 163|0x00000000ac700000, 0x00000000ac700000, 0x00000000ac800000|  0%| F|  |TAMS 0x00000000ac700000, 0x00000000ac700000| Untracked 
| 164|0x00000000ac800000, 0x00000000ac800000, 0x00000000ac900000|  0%| F|  |TAMS 0x00000000ac800000, 0x00000000ac800000| Untracked 
| 165|0x00000000ac900000, 0x00000000ac900000, 0x00000000aca00000|  0%| F|  |TAMS 0x00000000ac900000, 0x00000000ac900000| Untracked 
| 166|0x00000000aca00000, 0x00000000aca00000, 0x00000000acb00000|  0%| F|  |TAMS 0x00000000aca00000, 0x00000000aca00000| Untracked 
| 167|0x00000000acb00000, 0x00000000acb00000, 0x00000000acc00000|  0%| F|  |TAMS 0x00000000acb00000, 0x00000000acb00000| Untracked 
| 168|0x00000000acc00000, 0x00000000acc00000, 0x00000000acd00000|  0%| F|  |TAMS 0x00000000acc00000, 0x00000000acc00000| Untracked 
| 169|0x00000000acd00000, 0x00000000acd00000, 0x00000000ace00000|  0%| F|  |TAMS 0x00000000acd00000, 0x00000000acd00000| Untracked 
| 170|0x00000000ace00000, 0x00000000ace00000, 0x00000000acf00000|  0%| F|  |TAMS 0x00000000ace00000, 0x00000000ace00000| Untracked 
| 171|0x00000000acf00000, 0x00000000acf00000, 0x00000000ad000000|  0%| F|  |TAMS 0x00000000acf00000, 0x00000000acf00000| Untracked 
| 172|0x00000000ad000000, 0x00000000ad000000, 0x00000000ad100000|  0%| F|  |TAMS 0x00000000ad000000, 0x00000000ad000000| Untracked 
| 173|0x00000000ad100000, 0x00000000ad100000, 0x00000000ad200000|  0%| F|  |TAMS 0x00000000ad100000, 0x00000000ad100000| Untracked 
| 174|0x00000000ad200000, 0x00000000ad200000, 0x00000000ad300000|  0%| F|  |TAMS 0x00000000ad200000, 0x00000000ad200000| Untracked 
| 175|0x00000000ad300000, 0x00000000ad300000, 0x00000000ad400000|  0%| F|  |TAMS 0x00000000ad300000, 0x00000000ad300000| Untracked 
| 176|0x00000000ad400000, 0x00000000ad400000, 0x00000000ad500000|  0%| F|  |TAMS 0x00000000ad400000, 0x00000000ad400000| Untracked 
| 177|0x00000000ad500000, 0x00000000ad500000, 0x00000000ad600000|  0%| F|  |TAMS 0x00000000ad500000, 0x00000000ad500000| Untracked 
| 178|0x00000000ad600000, 0x00000000ad600000, 0x00000000ad700000|  0%| F|  |TAMS 0x00000000ad600000, 0x00000000ad600000| Untracked 
| 179|0x00000000ad700000, 0x00000000ad700000, 0x00000000ad800000|  0%| F|  |TAMS 0x00000000ad700000, 0x00000000ad700000| Untracked 
| 180|0x00000000ad800000, 0x00000000ad800000, 0x00000000ad900000|  0%| F|  |TAMS 0x00000000ad800000, 0x00000000ad800000| Untracked 
| 181|0x00000000ad900000, 0x00000000ad900000, 0x00000000ada00000|  0%| F|  |TAMS 0x00000000ad900000, 0x00000000ad900000| Untracked 
| 182|0x00000000ada00000, 0x00000000ada00000, 0x00000000adb00000|  0%| F|  |TAMS 0x00000000ada00000, 0x00000000ada00000| Untracked 
| 183|0x00000000adb00000, 0x00000000adb00000, 0x00000000adc00000|  0%| F|  |TAMS 0x00000000adb00000, 0x00000000adb00000| Untracked 
| 184|0x00000000adc00000, 0x00000000adc00000, 0x00000000add00000|  0%| F|  |TAMS 0x00000000adc00000, 0x00000000adc00000| Untracked 
| 185|0x00000000add00000, 0x00000000add00000, 0x00000000ade00000|  0%| F|  |TAMS 0x00000000add00000, 0x00000000add00000| Untracked 
| 186|0x00000000ade00000, 0x00000000ade00000, 0x00000000adf00000|  0%| F|  |TAMS 0x00000000ade00000, 0x00000000ade00000| Untracked 
| 187|0x00000000adf00000, 0x00000000adf00000, 0x00000000ae000000|  0%| F|  |TAMS 0x00000000adf00000, 0x00000000adf00000| Untracked 
| 188|0x00000000ae000000, 0x00000000ae000000, 0x00000000ae100000|  0%| F|  |TAMS 0x00000000ae000000, 0x00000000ae000000| Untracked 
| 189|0x00000000ae100000, 0x00000000ae100000, 0x00000000ae200000|  0%| F|  |TAMS 0x00000000ae100000, 0x00000000ae100000| Untracked 
| 190|0x00000000ae200000, 0x00000000ae200000, 0x00000000ae300000|  0%| F|  |TAMS 0x00000000ae200000, 0x00000000ae200000| Untracked 
| 191|0x00000000ae300000, 0x00000000ae300000, 0x00000000ae400000|  0%| F|  |TAMS 0x00000000ae300000, 0x00000000ae300000| Untracked 
| 192|0x00000000ae400000, 0x00000000ae400000, 0x00000000ae500000|  0%| F|  |TAMS 0x00000000ae400000, 0x00000000ae400000| Untracked 
| 193|0x00000000ae500000, 0x00000000ae500000, 0x00000000ae600000|  0%| F|  |TAMS 0x00000000ae500000, 0x00000000ae500000| Untracked 
| 194|0x00000000ae600000, 0x00000000ae600000, 0x00000000ae700000|  0%| F|  |TAMS 0x00000000ae600000, 0x00000000ae600000| Untracked 
| 195|0x00000000ae700000, 0x00000000ae700000, 0x00000000ae800000|  0%| F|  |TAMS 0x00000000ae700000, 0x00000000ae700000| Untracked 
| 196|0x00000000ae800000, 0x00000000ae800000, 0x00000000ae900000|  0%| F|  |TAMS 0x00000000ae800000, 0x00000000ae800000| Untracked 
| 197|0x00000000ae900000, 0x00000000ae900000, 0x00000000aea00000|  0%| F|  |TAMS 0x00000000ae900000, 0x00000000ae900000| Untracked 
| 198|0x00000000aea00000, 0x00000000aea00000, 0x00000000aeb00000|  0%| F|  |TAMS 0x00000000aea00000, 0x00000000aea00000| Untracked 
| 199|0x00000000aeb00000, 0x00000000aeb00000, 0x00000000aec00000|  0%| F|  |TAMS 0x00000000aeb00000, 0x00000000aeb00000| Untracked 
| 200|0x00000000aec00000, 0x00000000aec00000, 0x00000000aed00000|  0%| F|  |TAMS 0x00000000aec00000, 0x00000000aec00000| Untracked 
| 201|0x00000000aed00000, 0x00000000aed00000, 0x00000000aee00000|  0%| F|  |TAMS 0x00000000aed00000, 0x00000000aed00000| Untracked 
| 202|0x00000000aee00000, 0x00000000aee00000, 0x00000000aef00000|  0%| F|  |TAMS 0x00000000aee00000, 0x00000000aee00000| Untracked 
| 203|0x00000000aef00000, 0x00000000aef00000, 0x00000000af000000|  0%| F|  |TAMS 0x00000000aef00000, 0x00000000aef00000| Untracked 
| 204|0x00000000af000000, 0x00000000af000000, 0x00000000af100000|  0%| F|  |TAMS 0x00000000af000000, 0x00000000af000000| Untracked 
| 205|0x00000000af100000, 0x00000000af100000, 0x00000000af200000|  0%| F|  |TAMS 0x00000000af100000, 0x00000000af100000| Untracked 
| 206|0x00000000af200000, 0x00000000af200000, 0x00000000af300000|  0%| F|  |TAMS 0x00000000af200000, 0x00000000af200000| Untracked 
| 207|0x00000000af300000, 0x00000000af300000, 0x00000000af400000|  0%| F|  |TAMS 0x00000000af300000, 0x00000000af300000| Untracked 
| 208|0x00000000af400000, 0x00000000af400000, 0x00000000af500000|  0%| F|  |TAMS 0x00000000af400000, 0x00000000af400000| Untracked 
| 209|0x00000000af500000, 0x00000000af500000, 0x00000000af600000|  0%| F|  |TAMS 0x00000000af500000, 0x00000000af500000| Untracked 
| 210|0x00000000af600000, 0x00000000af600000, 0x00000000af700000|  0%| F|  |TAMS 0x00000000af600000, 0x00000000af600000| Untracked 
| 211|0x00000000af700000, 0x00000000af700000, 0x00000000af800000|  0%| F|  |TAMS 0x00000000af700000, 0x00000000af700000| Untracked 
| 212|0x00000000af800000, 0x00000000af800000, 0x00000000af900000|  0%| F|  |TAMS 0x00000000af800000, 0x00000000af800000| Untracked 
| 213|0x00000000af900000, 0x00000000af900000, 0x00000000afa00000|  0%| F|  |TAMS 0x00000000af900000, 0x00000000af900000| Untracked 
| 214|0x00000000afa00000, 0x00000000afa00000, 0x00000000afb00000|  0%| F|  |TAMS 0x00000000afa00000, 0x00000000afa00000| Untracked 
| 215|0x00000000afb00000, 0x00000000afb00000, 0x00000000afc00000|  0%| F|  |TAMS 0x00000000afb00000, 0x00000000afb00000| Untracked 
| 216|0x00000000afc00000, 0x00000000afc00000, 0x00000000afd00000|  0%| F|  |TAMS 0x00000000afc00000, 0x00000000afc00000| Untracked 
| 217|0x00000000afd00000, 0x00000000afd00000, 0x00000000afe00000|  0%| F|  |TAMS 0x00000000afd00000, 0x00000000afd00000| Untracked 
| 218|0x00000000afe00000, 0x00000000afe00000, 0x00000000aff00000|  0%| F|  |TAMS 0x00000000afe00000, 0x00000000afe00000| Untracked 
| 219|0x00000000aff00000, 0x00000000aff00000, 0x00000000b0000000|  0%| F|  |TAMS 0x00000000aff00000, 0x00000000aff00000| Untracked 
| 220|0x00000000b0000000, 0x00000000b0000000, 0x00000000b0100000|  0%| F|  |TAMS 0x00000000b0000000, 0x00000000b0000000| Untracked 
| 221|0x00000000b0100000, 0x00000000b0100000, 0x00000000b0200000|  0%| F|  |TAMS 0x00000000b0100000, 0x00000000b0100000| Untracked 
| 222|0x00000000b0200000, 0x00000000b0200000, 0x00000000b0300000|  0%| F|  |TAMS 0x00000000b0200000, 0x00000000b0200000| Untracked 
| 223|0x00000000b0300000, 0x00000000b0300000, 0x00000000b0400000|  0%| F|  |TAMS 0x00000000b0300000, 0x00000000b0300000| Untracked 
| 224|0x00000000b0400000, 0x00000000b0400000, 0x00000000b0500000|  0%| F|  |TAMS 0x00000000b0400000, 0x00000000b0400000| Untracked 
| 225|0x00000000b0500000, 0x00000000b0500000, 0x00000000b0600000|  0%| F|  |TAMS 0x00000000b0500000, 0x00000000b0500000| Untracked 
| 226|0x00000000b0600000, 0x00000000b0600000, 0x00000000b0700000|  0%| F|  |TAMS 0x00000000b0600000, 0x00000000b0600000| Untracked 
| 227|0x00000000b0700000, 0x00000000b0700000, 0x00000000b0800000|  0%| F|  |TAMS 0x00000000b0700000, 0x00000000b0700000| Untracked 
| 228|0x00000000b0800000, 0x00000000b0800000, 0x00000000b0900000|  0%| F|  |TAMS 0x00000000b0800000, 0x00000000b0800000| Untracked 
| 229|0x00000000b0900000, 0x00000000b0900000, 0x00000000b0a00000|  0%| F|  |TAMS 0x00000000b0900000, 0x00000000b0900000| Untracked 
| 230|0x00000000b0a00000, 0x00000000b0a00000, 0x00000000b0b00000|  0%| F|  |TAMS 0x00000000b0a00000, 0x00000000b0a00000| Untracked 
| 231|0x00000000b0b00000, 0x00000000b0b00000, 0x00000000b0c00000|  0%| F|  |TAMS 0x00000000b0b00000, 0x00000000b0b00000| Untracked 
| 232|0x00000000b0c00000, 0x00000000b0c00000, 0x00000000b0d00000|  0%| F|  |TAMS 0x00000000b0c00000, 0x00000000b0c00000| Untracked 
| 233|0x00000000b0d00000, 0x00000000b0d00000, 0x00000000b0e00000|  0%| F|  |TAMS 0x00000000b0d00000, 0x00000000b0d00000| Untracked 
| 234|0x00000000b0e00000, 0x00000000b0e00000, 0x00000000b0f00000|  0%| F|  |TAMS 0x00000000b0e00000, 0x00000000b0e00000| Untracked 
| 235|0x00000000b0f00000, 0x00000000b0f00000, 0x00000000b1000000|  0%| F|  |TAMS 0x00000000b0f00000, 0x00000000b0f00000| Untracked 
| 236|0x00000000b1000000, 0x00000000b1000000, 0x00000000b1100000|  0%| F|  |TAMS 0x00000000b1000000, 0x00000000b1000000| Untracked 
| 237|0x00000000b1100000, 0x00000000b1100000, 0x00000000b1200000|  0%| F|  |TAMS 0x00000000b1100000, 0x00000000b1100000| Untracked 
| 238|0x00000000b1200000, 0x00000000b1200000, 0x00000000b1300000|  0%| F|  |TAMS 0x00000000b1200000, 0x00000000b1200000| Untracked 
| 239|0x00000000b1300000, 0x00000000b1300000, 0x00000000b1400000|  0%| F|  |TAMS 0x00000000b1300000, 0x00000000b1300000| Untracked 
| 240|0x00000000b1400000, 0x00000000b1400000, 0x00000000b1500000|  0%| F|  |TAMS 0x00000000b1400000, 0x00000000b1400000| Untracked 
| 241|0x00000000b1500000, 0x00000000b1500000, 0x00000000b1600000|  0%| F|  |TAMS 0x00000000b1500000, 0x00000000b1500000| Untracked 
| 242|0x00000000b1600000, 0x00000000b1600000, 0x00000000b1700000|  0%| F|  |TAMS 0x00000000b1600000, 0x00000000b1600000| Untracked 
| 243|0x00000000b1700000, 0x00000000b1700000, 0x00000000b1800000|  0%| F|  |TAMS 0x00000000b1700000, 0x00000000b1700000| Untracked 
| 244|0x00000000b1800000, 0x00000000b1800000, 0x00000000b1900000|  0%| F|  |TAMS 0x00000000b1800000, 0x00000000b1800000| Untracked 
| 245|0x00000000b1900000, 0x00000000b1900000, 0x00000000b1a00000|  0%| F|  |TAMS 0x00000000b1900000, 0x00000000b1900000| Untracked 
| 246|0x00000000b1a00000, 0x00000000b1a00000, 0x00000000b1b00000|  0%| F|  |TAMS 0x00000000b1a00000, 0x00000000b1a00000| Untracked 
| 247|0x00000000b1b00000, 0x00000000b1b00000, 0x00000000b1c00000|  0%| F|  |TAMS 0x00000000b1b00000, 0x00000000b1b00000| Untracked 
| 248|0x00000000b1c00000, 0x00000000b1c00000, 0x00000000b1d00000|  0%| F|  |TAMS 0x00000000b1c00000, 0x00000000b1c00000| Untracked 
| 249|0x00000000b1d00000, 0x00000000b1d00000, 0x00000000b1e00000|  0%| F|  |TAMS 0x00000000b1d00000, 0x00000000b1d00000| Untracked 
| 250|0x00000000b1e00000, 0x00000000b1e00000, 0x00000000b1f00000|  0%| F|  |TAMS 0x00000000b1e00000, 0x00000000b1e00000| Untracked 
| 251|0x00000000b1f00000, 0x00000000b1f00000, 0x00000000b2000000|  0%| F|  |TAMS 0x00000000b1f00000, 0x00000000b1f00000| Untracked 
| 252|0x00000000b2000000, 0x00000000b2000000, 0x00000000b2100000|  0%| F|  |TAMS 0x00000000b2000000, 0x00000000b2000000| Untracked 
| 253|0x00000000b2100000, 0x00000000b2100000, 0x00000000b2200000|  0%| F|  |TAMS 0x00000000b2100000, 0x00000000b2100000| Untracked 
| 254|0x00000000b2200000, 0x00000000b2200000, 0x00000000b2300000|  0%| F|  |TAMS 0x00000000b2200000, 0x00000000b2200000| Untracked 
| 255|0x00000000b2300000, 0x00000000b23586c8, 0x00000000b2400000| 34%| S|CS|TAMS 0x00000000b2300000, 0x00000000b2300000| Complete 
| 256|0x00000000b2400000, 0x00000000b2500000, 0x00000000b2500000|100%| S|CS|TAMS 0x00000000b2400000, 0x00000000b2400000| Complete 
| 257|0x00000000b2500000, 0x00000000b2600000, 0x00000000b2600000|100%| S|CS|TAMS 0x00000000b2500000, 0x00000000b2500000| Complete 
| 258|0x00000000b2600000, 0x00000000b2700000, 0x00000000b2700000|100%| S|CS|TAMS 0x00000000b2600000, 0x00000000b2600000| Complete 
| 259|0x00000000b2700000, 0x00000000b2800000, 0x00000000b2800000|100%| S|CS|TAMS 0x00000000b2700000, 0x00000000b2700000| Complete 
| 260|0x00000000b2800000, 0x00000000b2900000, 0x00000000b2900000|100%| S|CS|TAMS 0x00000000b2800000, 0x00000000b2800000| Complete 
| 261|0x00000000b2900000, 0x00000000b2a00000, 0x00000000b2a00000|100%| S|CS|TAMS 0x00000000b2900000, 0x00000000b2900000| Complete 
| 262|0x00000000b2a00000, 0x00000000b2b00000, 0x00000000b2b00000|100%| S|CS|TAMS 0x00000000b2a00000, 0x00000000b2a00000| Complete 
| 263|0x00000000b2b00000, 0x00000000b2c00000, 0x00000000b2c00000|100%| S|CS|TAMS 0x00000000b2b00000, 0x00000000b2b00000| Complete 
| 264|0x00000000b2c00000, 0x00000000b2d00000, 0x00000000b2d00000|100%| S|CS|TAMS 0x00000000b2c00000, 0x00000000b2c00000| Complete 
| 265|0x00000000b2d00000, 0x00000000b2e00000, 0x00000000b2e00000|100%| S|CS|TAMS 0x00000000b2d00000, 0x00000000b2d00000| Complete 
| 266|0x00000000b2e00000, 0x00000000b2f00000, 0x00000000b2f00000|100%| S|CS|TAMS 0x00000000b2e00000, 0x00000000b2e00000| Complete 
| 267|0x00000000b2f00000, 0x00000000b3000000, 0x00000000b3000000|100%| S|CS|TAMS 0x00000000b2f00000, 0x00000000b2f00000| Complete 
| 268|0x00000000b3000000, 0x00000000b3100000, 0x00000000b3100000|100%| S|CS|TAMS 0x00000000b3000000, 0x00000000b3000000| Complete 
| 269|0x00000000b3100000, 0x00000000b3100000, 0x00000000b3200000|  0%| F|  |TAMS 0x00000000b3100000, 0x00000000b3100000| Untracked 
| 270|0x00000000b3200000, 0x00000000b3200000, 0x00000000b3300000|  0%| F|  |TAMS 0x00000000b3200000, 0x00000000b3200000| Untracked 
| 271|0x00000000b3300000, 0x00000000b3300000, 0x00000000b3400000|  0%| F|  |TAMS 0x00000000b3300000, 0x00000000b3300000| Untracked 
| 272|0x00000000b3400000, 0x00000000b3400000, 0x00000000b3500000|  0%| F|  |TAMS 0x00000000b3400000, 0x00000000b3400000| Untracked 
| 273|0x00000000b3500000, 0x00000000b3500000, 0x00000000b3600000|  0%| F|  |TAMS 0x00000000b3500000, 0x00000000b3500000| Untracked 
| 274|0x00000000b3600000, 0x00000000b3600000, 0x00000000b3700000|  0%| F|  |TAMS 0x00000000b3600000, 0x00000000b3600000| Untracked 
| 275|0x00000000b3700000, 0x00000000b3700000, 0x00000000b3800000|  0%| F|  |TAMS 0x00000000b3700000, 0x00000000b3700000| Untracked 
| 276|0x00000000b3800000, 0x00000000b3800000, 0x00000000b3900000|  0%| F|  |TAMS 0x00000000b3800000, 0x00000000b3800000| Untracked 
| 277|0x00000000b3900000, 0x00000000b3900000, 0x00000000b3a00000|  0%| F|  |TAMS 0x00000000b3900000, 0x00000000b3900000| Untracked 
| 278|0x00000000b3a00000, 0x00000000b3a00000, 0x00000000b3b00000|  0%| F|  |TAMS 0x00000000b3a00000, 0x00000000b3a00000| Untracked 
| 279|0x00000000b3b00000, 0x00000000b3b00000, 0x00000000b3c00000|  0%| F|  |TAMS 0x00000000b3b00000, 0x00000000b3b00000| Untracked 
| 280|0x00000000b3c00000, 0x00000000b3c00000, 0x00000000b3d00000|  0%| F|  |TAMS 0x00000000b3c00000, 0x00000000b3c00000| Untracked 
| 281|0x00000000b3d00000, 0x00000000b3d00000, 0x00000000b3e00000|  0%| F|  |TAMS 0x00000000b3d00000, 0x00000000b3d00000| Untracked 
| 282|0x00000000b3e00000, 0x00000000b3e00000, 0x00000000b3f00000|  0%| F|  |TAMS 0x00000000b3e00000, 0x00000000b3e00000| Untracked 
| 283|0x00000000b3f00000, 0x00000000b3f00000, 0x00000000b4000000|  0%| F|  |TAMS 0x00000000b3f00000, 0x00000000b3f00000| Untracked 
| 284|0x00000000b4000000, 0x00000000b4000000, 0x00000000b4100000|  0%| F|  |TAMS 0x00000000b4000000, 0x00000000b4000000| Untracked 
| 285|0x00000000b4100000, 0x00000000b4100000, 0x00000000b4200000|  0%| F|  |TAMS 0x00000000b4100000, 0x00000000b4100000| Untracked 
| 286|0x00000000b4200000, 0x00000000b4200000, 0x00000000b4300000|  0%| F|  |TAMS 0x00000000b4200000, 0x00000000b4200000| Untracked 
| 287|0x00000000b4300000, 0x00000000b4300000, 0x00000000b4400000|  0%| F|  |TAMS 0x00000000b4300000, 0x00000000b4300000| Untracked 
| 288|0x00000000b4400000, 0x00000000b4400000, 0x00000000b4500000|  0%| F|  |TAMS 0x00000000b4400000, 0x00000000b4400000| Untracked 
| 289|0x00000000b4500000, 0x00000000b4500000, 0x00000000b4600000|  0%| F|  |TAMS 0x00000000b4500000, 0x00000000b4500000| Untracked 
| 290|0x00000000b4600000, 0x00000000b4600000, 0x00000000b4700000|  0%| F|  |TAMS 0x00000000b4600000, 0x00000000b4600000| Untracked 
| 291|0x00000000b4700000, 0x00000000b4700000, 0x00000000b4800000|  0%| F|  |TAMS 0x00000000b4700000, 0x00000000b4700000| Untracked 
| 292|0x00000000b4800000, 0x00000000b4800000, 0x00000000b4900000|  0%| F|  |TAMS 0x00000000b4800000, 0x00000000b4800000| Untracked 
| 293|0x00000000b4900000, 0x00000000b4900000, 0x00000000b4a00000|  0%| F|  |TAMS 0x00000000b4900000, 0x00000000b4900000| Untracked 
| 294|0x00000000b4a00000, 0x00000000b4a00000, 0x00000000b4b00000|  0%| F|  |TAMS 0x00000000b4a00000, 0x00000000b4a00000| Untracked 
| 295|0x00000000b4b00000, 0x00000000b4b00000, 0x00000000b4c00000|  0%| F|  |TAMS 0x00000000b4b00000, 0x00000000b4b00000| Untracked 
| 296|0x00000000b4c00000, 0x00000000b4c00000, 0x00000000b4d00000|  0%| F|  |TAMS 0x00000000b4c00000, 0x00000000b4c00000| Untracked 
| 297|0x00000000b4d00000, 0x00000000b4d00000, 0x00000000b4e00000|  0%| F|  |TAMS 0x00000000b4d00000, 0x00000000b4d00000| Untracked 
| 298|0x00000000b4e00000, 0x00000000b4e00000, 0x00000000b4f00000|  0%| F|  |TAMS 0x00000000b4e00000, 0x00000000b4e00000| Untracked 
| 299|0x00000000b4f00000, 0x00000000b4f00000, 0x00000000b5000000|  0%| F|  |TAMS 0x00000000b4f00000, 0x00000000b4f00000| Untracked 
| 300|0x00000000b5000000, 0x00000000b5000000, 0x00000000b5100000|  0%| F|  |TAMS 0x00000000b5000000, 0x00000000b5000000| Untracked 
| 301|0x00000000b5100000, 0x00000000b5100000, 0x00000000b5200000|  0%| F|  |TAMS 0x00000000b5100000, 0x00000000b5100000| Untracked 
| 302|0x00000000b5200000, 0x00000000b5200000, 0x00000000b5300000|  0%| F|  |TAMS 0x00000000b5200000, 0x00000000b5200000| Untracked 
| 303|0x00000000b5300000, 0x00000000b5300000, 0x00000000b5400000|  0%| F|  |TAMS 0x00000000b5300000, 0x00000000b5300000| Untracked 
| 304|0x00000000b5400000, 0x00000000b5400000, 0x00000000b5500000|  0%| F|  |TAMS 0x00000000b5400000, 0x00000000b5400000| Untracked 
| 305|0x00000000b5500000, 0x00000000b5500000, 0x00000000b5600000|  0%| F|  |TAMS 0x00000000b5500000, 0x00000000b5500000| Untracked 
| 306|0x00000000b5600000, 0x00000000b5600000, 0x00000000b5700000|  0%| F|  |TAMS 0x00000000b5600000, 0x00000000b5600000| Untracked 
| 307|0x00000000b5700000, 0x00000000b5700000, 0x00000000b5800000|  0%| F|  |TAMS 0x00000000b5700000, 0x00000000b5700000| Untracked 
| 308|0x00000000b5800000, 0x00000000b5800000, 0x00000000b5900000|  0%| F|  |TAMS 0x00000000b5800000, 0x00000000b5800000| Untracked 
| 309|0x00000000b5900000, 0x00000000b5900000, 0x00000000b5a00000|  0%| F|  |TAMS 0x00000000b5900000, 0x00000000b5900000| Untracked 
| 310|0x00000000b5a00000, 0x00000000b5a00000, 0x00000000b5b00000|  0%| F|  |TAMS 0x00000000b5a00000, 0x00000000b5a00000| Untracked 
| 311|0x00000000b5b00000, 0x00000000b5b00000, 0x00000000b5c00000|  0%| F|  |TAMS 0x00000000b5b00000, 0x00000000b5b00000| Untracked 
| 312|0x00000000b5c00000, 0x00000000b5c00000, 0x00000000b5d00000|  0%| F|  |TAMS 0x00000000b5c00000, 0x00000000b5c00000| Untracked 
| 313|0x00000000b5d00000, 0x00000000b5d00000, 0x00000000b5e00000|  0%| F|  |TAMS 0x00000000b5d00000, 0x00000000b5d00000| Untracked 
| 314|0x00000000b5e00000, 0x00000000b5e00000, 0x00000000b5f00000|  0%| F|  |TAMS 0x00000000b5e00000, 0x00000000b5e00000| Untracked 
| 315|0x00000000b5f00000, 0x00000000b5f00000, 0x00000000b6000000|  0%| F|  |TAMS 0x00000000b5f00000, 0x00000000b5f00000| Untracked 
| 316|0x00000000b6000000, 0x00000000b6000000, 0x00000000b6100000|  0%| F|  |TAMS 0x00000000b6000000, 0x00000000b6000000| Untracked 
| 317|0x00000000b6100000, 0x00000000b6100000, 0x00000000b6200000|  0%| F|  |TAMS 0x00000000b6100000, 0x00000000b6100000| Untracked 
| 318|0x00000000b6200000, 0x00000000b6200000, 0x00000000b6300000|  0%| F|  |TAMS 0x00000000b6200000, 0x00000000b6200000| Untracked 
| 319|0x00000000b6300000, 0x00000000b6300000, 0x00000000b6400000|  0%| F|  |TAMS 0x00000000b6300000, 0x00000000b6300000| Untracked 
| 320|0x00000000b6400000, 0x00000000b6400000, 0x00000000b6500000|  0%| F|  |TAMS 0x00000000b6400000, 0x00000000b6400000| Untracked 
| 321|0x00000000b6500000, 0x00000000b6500000, 0x00000000b6600000|  0%| F|  |TAMS 0x00000000b6500000, 0x00000000b6500000| Untracked 
| 322|0x00000000b6600000, 0x00000000b6600000, 0x00000000b6700000|  0%| F|  |TAMS 0x00000000b6600000, 0x00000000b6600000| Untracked 
| 323|0x00000000b6700000, 0x00000000b6700000, 0x00000000b6800000|  0%| F|  |TAMS 0x00000000b6700000, 0x00000000b6700000| Untracked 
| 324|0x00000000b6800000, 0x00000000b6800000, 0x00000000b6900000|  0%| F|  |TAMS 0x00000000b6800000, 0x00000000b6800000| Untracked 
| 325|0x00000000b6900000, 0x00000000b6900000, 0x00000000b6a00000|  0%| F|  |TAMS 0x00000000b6900000, 0x00000000b6900000| Untracked 
| 326|0x00000000b6a00000, 0x00000000b6a00000, 0x00000000b6b00000|  0%| F|  |TAMS 0x00000000b6a00000, 0x00000000b6a00000| Untracked 
| 327|0x00000000b6b00000, 0x00000000b6b00000, 0x00000000b6c00000|  0%| F|  |TAMS 0x00000000b6b00000, 0x00000000b6b00000| Untracked 
| 328|0x00000000b6c00000, 0x00000000b6c00000, 0x00000000b6d00000|  0%| F|  |TAMS 0x00000000b6c00000, 0x00000000b6c00000| Untracked 
| 329|0x00000000b6d00000, 0x00000000b6d00000, 0x00000000b6e00000|  0%| F|  |TAMS 0x00000000b6d00000, 0x00000000b6d00000| Untracked 
| 330|0x00000000b6e00000, 0x00000000b6e00000, 0x00000000b6f00000|  0%| F|  |TAMS 0x00000000b6e00000, 0x00000000b6e00000| Untracked 
| 331|0x00000000b6f00000, 0x00000000b6f00000, 0x00000000b7000000|  0%| F|  |TAMS 0x00000000b6f00000, 0x00000000b6f00000| Untracked 
| 332|0x00000000b7000000, 0x00000000b7000000, 0x00000000b7100000|  0%| F|  |TAMS 0x00000000b7000000, 0x00000000b7000000| Untracked 
| 333|0x00000000b7100000, 0x00000000b7100000, 0x00000000b7200000|  0%| F|  |TAMS 0x00000000b7100000, 0x00000000b7100000| Untracked 
| 334|0x00000000b7200000, 0x00000000b7200000, 0x00000000b7300000|  0%| F|  |TAMS 0x00000000b7200000, 0x00000000b7200000| Untracked 
| 335|0x00000000b7300000, 0x00000000b7300000, 0x00000000b7400000|  0%| F|  |TAMS 0x00000000b7300000, 0x00000000b7300000| Untracked 
| 336|0x00000000b7400000, 0x00000000b7400000, 0x00000000b7500000|  0%| F|  |TAMS 0x00000000b7400000, 0x00000000b7400000| Untracked 
| 337|0x00000000b7500000, 0x00000000b7500000, 0x00000000b7600000|  0%| F|  |TAMS 0x00000000b7500000, 0x00000000b7500000| Untracked 
| 338|0x00000000b7600000, 0x00000000b7600000, 0x00000000b7700000|  0%| F|  |TAMS 0x00000000b7600000, 0x00000000b7600000| Untracked 
| 339|0x00000000b7700000, 0x00000000b7700000, 0x00000000b7800000|  0%| F|  |TAMS 0x00000000b7700000, 0x00000000b7700000| Untracked 
| 340|0x00000000b7800000, 0x00000000b7800000, 0x00000000b7900000|  0%| F|  |TAMS 0x00000000b7800000, 0x00000000b7800000| Untracked 
| 341|0x00000000b7900000, 0x00000000b7900000, 0x00000000b7a00000|  0%| F|  |TAMS 0x00000000b7900000, 0x00000000b7900000| Untracked 
| 342|0x00000000b7a00000, 0x00000000b7a00000, 0x00000000b7b00000|  0%| F|  |TAMS 0x00000000b7a00000, 0x00000000b7a00000| Untracked 
| 343|0x00000000b7b00000, 0x00000000b7b00000, 0x00000000b7c00000|  0%| F|  |TAMS 0x00000000b7b00000, 0x00000000b7b00000| Untracked 
| 344|0x00000000b7c00000, 0x00000000b7c00000, 0x00000000b7d00000|  0%| F|  |TAMS 0x00000000b7c00000, 0x00000000b7c00000| Untracked 
| 345|0x00000000b7d00000, 0x00000000b7d74030, 0x00000000b7e00000| 45%| E|  |TAMS 0x00000000b7d00000, 0x00000000b7d00000| Complete 
| 346|0x00000000b7e00000, 0x00000000b7f00000, 0x00000000b7f00000|100%| E|CS|TAMS 0x00000000b7e00000, 0x00000000b7e00000| Complete 
| 347|0x00000000b7f00000, 0x00000000b8000000, 0x00000000b8000000|100%| E|CS|TAMS 0x00000000b7f00000, 0x00000000b7f00000| Complete 
| 348|0x00000000b8000000, 0x00000000b8100000, 0x00000000b8100000|100%| E|CS|TAMS 0x00000000b8000000, 0x00000000b8000000| Complete 
| 349|0x00000000b8100000, 0x00000000b8200000, 0x00000000b8200000|100%| E|CS|TAMS 0x00000000b8100000, 0x00000000b8100000| Complete 
| 350|0x00000000b8200000, 0x00000000b8300000, 0x00000000b8300000|100%| E|CS|TAMS 0x00000000b8200000, 0x00000000b8200000| Complete 
| 351|0x00000000b8300000, 0x00000000b8400000, 0x00000000b8400000|100%| E|CS|TAMS 0x00000000b8300000, 0x00000000b8300000| Complete 
| 352|0x00000000b8400000, 0x00000000b8500000, 0x00000000b8500000|100%| E|CS|TAMS 0x00000000b8400000, 0x00000000b8400000| Complete 
| 353|0x00000000b8500000, 0x00000000b8600000, 0x00000000b8600000|100%| E|CS|TAMS 0x00000000b8500000, 0x00000000b8500000| Complete 
| 354|0x00000000b8600000, 0x00000000b8700000, 0x00000000b8700000|100%| E|CS|TAMS 0x00000000b8600000, 0x00000000b8600000| Complete 
| 355|0x00000000b8700000, 0x00000000b8800000, 0x00000000b8800000|100%| E|CS|TAMS 0x00000000b8700000, 0x00000000b8700000| Complete 
| 356|0x00000000b8800000, 0x00000000b8900000, 0x00000000b8900000|100%| E|CS|TAMS 0x00000000b8800000, 0x00000000b8800000| Complete 
| 357|0x00000000b8900000, 0x00000000b8a00000, 0x00000000b8a00000|100%| E|CS|TAMS 0x00000000b8900000, 0x00000000b8900000| Complete 
| 358|0x00000000b8a00000, 0x00000000b8b00000, 0x00000000b8b00000|100%| E|CS|TAMS 0x00000000b8a00000, 0x00000000b8a00000| Complete 
| 359|0x00000000b8b00000, 0x00000000b8c00000, 0x00000000b8c00000|100%| E|CS|TAMS 0x00000000b8b00000, 0x00000000b8b00000| Complete 
| 360|0x00000000b8c00000, 0x00000000b8d00000, 0x00000000b8d00000|100%| E|CS|TAMS 0x00000000b8c00000, 0x00000000b8c00000| Complete 
| 361|0x00000000b8d00000, 0x00000000b8e00000, 0x00000000b8e00000|100%| E|CS|TAMS 0x00000000b8d00000, 0x00000000b8d00000| Complete 
| 362|0x00000000b8e00000, 0x00000000b8f00000, 0x00000000b8f00000|100%| E|CS|TAMS 0x00000000b8e00000, 0x00000000b8e00000| Complete 
| 363|0x00000000b8f00000, 0x00000000b9000000, 0x00000000b9000000|100%| E|CS|TAMS 0x00000000b8f00000, 0x00000000b8f00000| Complete 
| 364|0x00000000b9000000, 0x00000000b9100000, 0x00000000b9100000|100%| E|CS|TAMS 0x00000000b9000000, 0x00000000b9000000| Complete 
| 365|0x00000000b9100000, 0x00000000b9200000, 0x00000000b9200000|100%| E|CS|TAMS 0x00000000b9100000, 0x00000000b9100000| Complete 
| 366|0x00000000b9200000, 0x00000000b9300000, 0x00000000b9300000|100%| E|CS|TAMS 0x00000000b9200000, 0x00000000b9200000| Complete 
| 367|0x00000000b9300000, 0x00000000b9400000, 0x00000000b9400000|100%| E|CS|TAMS 0x00000000b9300000, 0x00000000b9300000| Complete 
| 368|0x00000000b9400000, 0x00000000b9500000, 0x00000000b9500000|100%| E|CS|TAMS 0x00000000b9400000, 0x00000000b9400000| Complete 
| 369|0x00000000b9500000, 0x00000000b9600000, 0x00000000b9600000|100%| E|CS|TAMS 0x00000000b9500000, 0x00000000b9500000| Complete 
| 370|0x00000000b9600000, 0x00000000b9700000, 0x00000000b9700000|100%| E|CS|TAMS 0x00000000b9600000, 0x00000000b9600000| Complete 
| 371|0x00000000b9700000, 0x00000000b9800000, 0x00000000b9800000|100%| E|CS|TAMS 0x00000000b9700000, 0x00000000b9700000| Complete 
| 372|0x00000000b9800000, 0x00000000b9900000, 0x00000000b9900000|100%| E|CS|TAMS 0x00000000b9800000, 0x00000000b9800000| Complete 
| 373|0x00000000b9900000, 0x00000000b9a00000, 0x00000000b9a00000|100%| E|CS|TAMS 0x00000000b9900000, 0x00000000b9900000| Complete 
| 374|0x00000000b9a00000, 0x00000000b9b00000, 0x00000000b9b00000|100%| E|CS|TAMS 0x00000000b9a00000, 0x00000000b9a00000| Complete 
| 375|0x00000000b9b00000, 0x00000000b9c00000, 0x00000000b9c00000|100%| E|CS|TAMS 0x00000000b9b00000, 0x00000000b9b00000| Complete 
| 376|0x00000000b9c00000, 0x00000000b9d00000, 0x00000000b9d00000|100%| E|CS|TAMS 0x00000000b9c00000, 0x00000000b9c00000| Complete 
| 377|0x00000000b9d00000, 0x00000000b9e00000, 0x00000000b9e00000|100%| E|CS|TAMS 0x00000000b9d00000, 0x00000000b9d00000| Complete 
| 378|0x00000000b9e00000, 0x00000000b9f00000, 0x00000000b9f00000|100%| E|CS|TAMS 0x00000000b9e00000, 0x00000000b9e00000| Complete 
| 379|0x00000000b9f00000, 0x00000000ba000000, 0x00000000ba000000|100%| E|CS|TAMS 0x00000000b9f00000, 0x00000000b9f00000| Complete 
| 380|0x00000000ba000000, 0x00000000ba100000, 0x00000000ba100000|100%| E|CS|TAMS 0x00000000ba000000, 0x00000000ba000000| Complete 
| 381|0x00000000ba100000, 0x00000000ba200000, 0x00000000ba200000|100%| E|CS|TAMS 0x00000000ba100000, 0x00000000ba100000| Complete 
| 382|0x00000000ba200000, 0x00000000ba300000, 0x00000000ba300000|100%| E|CS|TAMS 0x00000000ba200000, 0x00000000ba200000| Complete 
| 383|0x00000000ba300000, 0x00000000ba400000, 0x00000000ba400000|100%| E|CS|TAMS 0x00000000ba300000, 0x00000000ba300000| Complete 
| 384|0x00000000ba400000, 0x00000000ba500000, 0x00000000ba500000|100%| E|CS|TAMS 0x00000000ba400000, 0x00000000ba400000| Complete 
| 385|0x00000000ba500000, 0x00000000ba600000, 0x00000000ba600000|100%| E|CS|TAMS 0x00000000ba500000, 0x00000000ba500000| Complete 

Card table byte_map: [0x000001df97f00000,0x000001df981f0000] _byte_map_base: 0x000001df979ee000

Marking Bits (Prev, Next): (CMBitMap*) 0x000001dffeecfd30, (CMBitMap*) 0x000001dffeecfcf0
 Prev Bits: [0x000001df99c50000, 0x000001df9b3c0000)
 Next Bits: [0x000001df984e0000, 0x000001df99c50000)

Polling page: 0x000001dffeb80000

Metaspace:

Usage:
  Non-class:     88.64 MB used.
      Class:     13.84 MB used.
       Both:    102.48 MB used.

Virtual space:
  Non-class space:      128.00 MB reserved,      89.06 MB ( 70%) committed,  2 nodes.
      Class space:        1.00 GB reserved,      14.25 MB (  1%) committed,  1 nodes.
             Both:        1.12 GB reserved,     103.31 MB (  9%) committed. 

Chunk freelists:
   Non-Class:  6.07 MB
       Class:  1.77 MB
        Both:  7.83 MB

MaxMetaspaceSize: unlimited
CompressedClassSpaceSize: 1.00 GB
Initial GC threshold: 21.00 MB
Current GC threshold: 132.19 MB
CDS: on
MetaspaceReclaimPolicy: balanced
 - commit_granule_bytes: 65536.
 - commit_granule_words: 8192.
 - virtual_space_node_default_size: 8388608.
 - enlarge_chunks_in_place: 1.
 - new_chunks_are_fully_committed: 0.
 - uncommit_free_chunks: 1.
 - use_allocation_guard: 0.
 - handle_deallocations: 1.


Internal statistics:

num_allocs_failed_limit: 6.
num_arena_births: 1324.
num_arena_deaths: 4.
num_vsnodes_births: 3.
num_vsnodes_deaths: 0.
num_space_committed: 1651.
num_space_uncommitted: 0.
num_chunks_returned_to_freelist: 12.
num_chunks_taken_from_freelist: 5233.
num_chunk_merges: 6.
num_chunk_splits: 3741.
num_chunks_enlarged: 2807.
num_inconsistent_stats: 0.

CodeHeap 'non-profiled nmethods': size=120000Kb used=6792Kb max_used=6792Kb free=113207Kb
 bounds [0x000001df906e0000, 0x000001df90d90000, 0x000001df97c10000]
CodeHeap 'profiled nmethods': size=120000Kb used=19159Kb max_used=19159Kb free=100840Kb
 bounds [0x000001df88c10000, 0x000001df89ed0000, 0x000001df90140000]
CodeHeap 'non-nmethods': size=5760Kb used=1415Kb max_used=1481Kb free=4344Kb
 bounds [0x000001df90140000, 0x000001df903b0000, 0x000001df906e0000]
 total_blobs=11375 nmethods=10615 adapters=671
 compilation: enabled
              stopped_count=0, restarted_count=0
 full_count=0

Compilation events (20 events):
Event: 101.213 Thread 0x000001df9dbdb530 nmethod 12257 0x000001df89ec2510 code [0x000001df89ec27a0, 0x000001df89ec37d8]
Event: 102.220 Thread 0x000001df9dbdb530 12258       1       java.nio.channels.SelectionKey::attachment (5 bytes)
Event: 102.220 Thread 0x000001df9dbdb530 nmethod 12258 0x000001df90d81090 code [0x000001df90d81220, 0x000001df90d812f8]
Event: 103.234 Thread 0x000001df9dbdb530 12259       1       org.apache.tomcat.util.net.NioEndpoint$NioSocketWrapper::interestOps (5 bytes)
Event: 103.234 Thread 0x000001df9dbdb530 nmethod 12259 0x000001df90d81390 code [0x000001df90d81520, 0x000001df90d815f8]
Event: 105.120 Thread 0x000001df9dbdb530 12260       3       java.util.concurrent.locks.AbstractQueuedSynchronizer::casTail (13 bytes)
Event: 105.120 Thread 0x000001df9dbdb530 nmethod 12260 0x000001df89ec3e90 code [0x000001df89ec4020, 0x000001df89ec4198]
Event: 107.147 Thread 0x000001df9dbdb530 12261       3       org.apache.coyote.AbstractProtocol$ConnectionHandler::getLog (8 bytes)
Event: 107.147 Thread 0x000001df9dbdb530 nmethod 12261 0x000001df89ec4210 code [0x000001df89ec43c0, 0x000001df89ec4578]
Event: 107.317 Thread 0x000001df9dbdb530 12262       3       java.util.concurrent.locks.AbstractQueuedSynchronizer::enqueue (60 bytes)
Event: 107.318 Thread 0x000001df9dbdb530 nmethod 12262 0x000001df89ec4690 code [0x000001df89ec4880, 0x000001df89ec4d18]
Event: 109.128 Thread 0x000001df9dbdb530 12263       3       java.util.concurrent.locks.LockSupport::parkNanos (29 bytes)
Event: 109.128 Thread 0x000001df9dbdb530 nmethod 12263 0x000001df89ec4f10 code [0x000001df89ec50e0, 0x000001df89ec52e8]
Event: 110.124 Thread 0x000001df9dbdb530 12264       3       java.util.concurrent.locks.AbstractQueuedSynchronizer$ConditionObject::doSignal (54 bytes)
Event: 110.125 Thread 0x000001df9dbdb530 nmethod 12264 0x000001df89ec5410 code [0x000001df89ec55e0, 0x000001df89ec5998]
Event: 112.675 Thread 0x000001df9dbd9df0 12266       4       java.io.File::listFiles (52 bytes)
Event: 112.685 Thread 0x000001df9dbd9df0 nmethod 12266 0x000001df90d81690 code [0x000001df90d81860, 0x000001df90d81f68]
Event: 112.685 Thread 0x000001df9dbd9df0 12265       4       org.springframework.boot.devtools.filewatch.DirectorySnapshot::collectFiles (99 bytes)
Event: 114.202 Thread 0x000001df9dbdb530 12267       3       org.apache.tomcat.util.net.NioEndpoint$NioSocketWrapper::interestOpsHas (16 bytes)
Event: 114.202 Thread 0x000001df9dbdb530 nmethod 12267 0x000001df89ec5b10 code [0x000001df89ec5ca0, 0x000001df89ec5e38]

GC Heap History (20 events):
Event: 14.099 GC heap before
{Heap before GC invocations=30 (full 0):
 garbage-first heap   total 122880K, used 100900K [0x00000000a2400000, 0x0000000100000000)
  region size 1024K, 50 young (51200K), 2 survivors (2048K)
 Metaspace       used 79635K, committed 80256K, reserved 1179648K
  class space    used 11028K, committed 11328K, reserved 1048576K
}
Event: 14.101 GC heap after
{Heap after GC invocations=31 (full 0):
 garbage-first heap   total 122880K, used 51796K [0x00000000a2400000, 0x0000000100000000)
  region size 1024K, 2 young (2048K), 2 survivors (2048K)
 Metaspace       used 79635K, committed 80256K, reserved 1179648K
  class space    used 11028K, committed 11328K, reserved 1048576K
}
Event: 14.449 GC heap before
{Heap before GC invocations=31 (full 0):
 garbage-first heap   total 122880K, used 101972K [0x00000000a2400000, 0x0000000100000000)
  region size 1024K, 51 young (52224K), 2 survivors (2048K)
 Metaspace       used 80579K, committed 81216K, reserved 1179648K
  class space    used 11139K, committed 11456K, reserved 1048576K
}
Event: 14.453 GC heap after
{Heap after GC invocations=32 (full 0):
 garbage-first heap   total 122880K, used 57032K [0x00000000a2400000, 0x0000000100000000)
  region size 1024K, 7 young (7168K), 7 survivors (7168K)
 Metaspace       used 80579K, committed 81216K, reserved 1179648K
  class space    used 11139K, committed 11456K, reserved 1048576K
}
Event: 14.550 GC heap before
{Heap before GC invocations=32 (full 0):
 garbage-first heap   total 122880K, used 100040K [0x00000000a2400000, 0x0000000100000000)
  region size 1024K, 48 young (49152K), 7 survivors (7168K)
 Metaspace       used 80579K, committed 81216K, reserved 1179648K
  class space    used 11139K, committed 11456K, reserved 1048576K
}
Event: 14.562 GC heap after
{Heap after GC invocations=33 (full 0):
 garbage-first heap   total 122880K, used 71439K [0x00000000a2400000, 0x0000000100000000)
  region size 1024K, 6 young (6144K), 6 survivors (6144K)
 Metaspace       used 80579K, committed 81216K, reserved 1179648K
  class space    used 11139K, committed 11456K, reserved 1048576K
}
Event: 14.611 GC heap before
{Heap before GC invocations=33 (full 0):
 garbage-first heap   total 122880K, used 96015K [0x00000000a2400000, 0x0000000100000000)
  region size 1024K, 30 young (30720K), 6 survivors (6144K)
 Metaspace       used 80581K, committed 81216K, reserved 1179648K
  class space    used 11139K, committed 11456K, reserved 1048576K
}
Event: 14.619 GC heap after
{Heap after GC invocations=34 (full 0):
 garbage-first heap   total 122880K, used 79654K [0x00000000a2400000, 0x0000000100000000)
  region size 1024K, 4 young (4096K), 4 survivors (4096K)
 Metaspace       used 80581K, committed 81216K, reserved 1179648K
  class space    used 11139K, committed 11456K, reserved 1048576K
}
Event: 14.669 GC heap before
{Heap before GC invocations=34 (full 0):
 garbage-first heap   total 122880K, used 98086K [0x00000000a2400000, 0x0000000100000000)
  region size 1024K, 22 young (22528K), 4 survivors (4096K)
 Metaspace       used 80581K, committed 81216K, reserved 1179648K
  class space    used 11139K, committed 11456K, reserved 1048576K
}
Event: 14.676 GC heap after
{Heap after GC invocations=35 (full 0):
 garbage-first heap   total 122880K, used 86842K [0x00000000a2400000, 0x0000000100000000)
  region size 1024K, 3 young (3072K), 3 survivors (3072K)
 Metaspace       used 80581K, committed 81216K, reserved 1179648K
  class space    used 11139K, committed 11456K, reserved 1048576K
}
Event: 14.726 GC heap before
{Heap before GC invocations=35 (full 0):
 garbage-first heap   total 150528K, used 98106K [0x00000000a2400000, 0x0000000100000000)
  region size 1024K, 15 young (15360K), 3 survivors (3072K)
 Metaspace       used 80574K, committed 81216K, reserved 1179648K
  class space    used 11138K, committed 11456K, reserved 1048576K
}
Event: 14.734 GC heap after
{Heap after GC invocations=36 (full 0):
 garbage-first heap   total 395264K, used 91034K [0x00000000a2400000, 0x0000000100000000)
  region size 1024K, 2 young (2048K), 2 survivors (2048K)
 Metaspace       used 80574K, committed 81216K, reserved 1179648K
  class space    used 11138K, committed 11456K, reserved 1048576K
}
Event: 15.124 GC heap before
{Heap before GC invocations=37 (full 0):
 garbage-first heap   total 395264K, used 247706K [0x00000000a2400000, 0x0000000100000000)
  region size 1024K, 152 young (155648K), 2 survivors (2048K)
 Metaspace       used 80963K, committed 81600K, reserved 1179648K
  class space    used 11174K, committed 11456K, reserved 1048576K
}
Event: 15.152 GC heap after
{Heap after GC invocations=38 (full 0):
 garbage-first heap   total 395264K, used 135656K [0x00000000a2400000, 0x0000000100000000)
  region size 1024K, 19 young (19456K), 19 survivors (19456K)
 Metaspace       used 80963K, committed 81600K, reserved 1179648K
  class space    used 11174K, committed 11456K, reserved 1048576K
}
Event: 15.155 GC heap before
{Heap before GC invocations=38 (full 0):
 garbage-first heap   total 395264K, used 136680K [0x00000000a2400000, 0x0000000100000000)
  region size 1024K, 20 young (20480K), 19 survivors (19456K)
 Metaspace       used 80963K, committed 81600K, reserved 1179648K
  class space    used 11174K, committed 11456K, reserved 1048576K
}
Event: 15.169 GC heap after
{Heap after GC invocations=39 (full 0):
 garbage-first heap   total 395264K, used 138925K [0x00000000a2400000, 0x0000000100000000)
  region size 1024K, 3 young (3072K), 3 survivors (3072K)
 Metaspace       used 80963K, committed 81600K, reserved 1179648K
  class space    used 11174K, committed 11456K, reserved 1048576K
}
Event: 16.436 GC heap before
{Heap before GC invocations=39 (full 0):
 garbage-first heap   total 395264K, used 238253K [0x00000000a2400000, 0x0000000100000000)
  region size 1024K, 100 young (102400K), 3 survivors (3072K)
 Metaspace       used 88721K, committed 89472K, reserved 1179648K
  class space    used 12049K, committed 12416K, reserved 1048576K
}
Event: 16.446 GC heap after
{Heap after GC invocations=40 (full 0):
 garbage-first heap   total 395264K, used 143741K [0x00000000a2400000, 0x0000000100000000)
  region size 1024K, 7 young (7168K), 7 survivors (7168K)
 Metaspace       used 88721K, committed 89472K, reserved 1179648K
  class space    used 12049K, committed 12416K, reserved 1048576K
}
Event: 94.707 GC heap before
{Heap before GC invocations=40 (full 0):
 garbage-first heap   total 395264K, used 256381K [0x00000000a2400000, 0x0000000100000000)
  region size 1024K, 117 young (119808K), 7 survivors (7168K)
 Metaspace       used 101284K, committed 102080K, reserved 1179648K
  class space    used 13751K, committed 14144K, reserved 1048576K
}
Event: 94.722 GC heap after
{Heap after GC invocations=41 (full 0):
 garbage-first heap   total 395264K, used 150239K [0x00000000a2400000, 0x0000000100000000)
  region size 1024K, 14 young (14336K), 14 survivors (14336K)
 Metaspace       used 101284K, committed 102080K, reserved 1179648K
  class space    used 13751K, committed 14144K, reserved 1048576K
}

Deoptimization events (20 events):
Event: 95.817 Thread 0x000001dfe78a1140 Uncommon trap: trap_request=0xffffffc6 fr.pc=0x000001df90b36c58 relative=0x0000000000000978
Event: 95.817 Thread 0x000001dfe78a1140 Uncommon trap: reason=bimorphic_or_optimized_type_check action=maybe_recompile pc=0x000001df90b36c58 method=sun.security.provider.DigestBase.engineReset()V @ 11 c2
Event: 95.817 Thread 0x000001dfe78a1140 DEOPT PACKING pc=0x000001df90b36c58 sp=0x000000980abfa6a0
Event: 95.817 Thread 0x000001dfe78a1140 DEOPT UNPACKING pc=0x000001df901923a3 sp=0x000000980abfa5f8 mode 2
Event: 95.820 Thread 0x000001dfe78a6750 Uncommon trap: trap_request=0xffffff45 fr.pc=0x000001df9072ba68 relative=0x0000000000001248
Event: 95.820 Thread 0x000001dfe78a6750 Uncommon trap: reason=unstable_if action=reinterpret pc=0x000001df9072ba68 method=java.util.concurrent.ConcurrentHashMap.initTable()[Ljava/util/concurrent/ConcurrentHashMap$Node; @ 20 c2
Event: 95.820 Thread 0x000001dfe78a6750 DEOPT PACKING pc=0x000001df9072ba68 sp=0x000000980aefe5c0
Event: 95.820 Thread 0x000001dfe78a6750 DEOPT UNPACKING pc=0x000001df901923a3 sp=0x000000980aefe4c0 mode 2
Event: 95.827 Thread 0x000001dfe78a48f0 Uncommon trap: trap_request=0xffffff45 fr.pc=0x000001df90810a84 relative=0x00000000000002c4
Event: 95.827 Thread 0x000001dfe78a48f0 Uncommon trap: reason=unstable_if action=reinterpret pc=0x000001df90810a84 method=java.util.concurrent.ConcurrentHashMap.addCount(JI)V @ 34 c2
Event: 95.827 Thread 0x000001dfe78a48f0 DEOPT PACKING pc=0x000001df90810a84 sp=0x000000980aafe210
Event: 95.827 Thread 0x000001dfe78a48f0 DEOPT UNPACKING pc=0x000001df901923a3 sp=0x000000980aafe150 mode 2
Event: 96.615 Thread 0x000001dfe78a48f0 Uncommon trap: trap_request=0xffffffde fr.pc=0x000001df90d720a0 relative=0x0000000000001ae0
Event: 96.615 Thread 0x000001dfe78a48f0 Uncommon trap: reason=class_check action=maybe_recompile pc=0x000001df90d720a0 method=org.springframework.core.MethodParameter.getGenericParameterType()Ljava/lang/reflect/Type; @ 17 c2
Event: 96.615 Thread 0x000001dfe78a48f0 DEOPT PACKING pc=0x000001df90d720a0 sp=0x000000980aafa6b0
Event: 96.615 Thread 0x000001dfe78a48f0 DEOPT UNPACKING pc=0x000001df901923a3 sp=0x000000980aafa690 mode 2
Event: 97.177 Thread 0x000001dfe78a80a0 Uncommon trap: trap_request=0xffffffde fr.pc=0x000001df90d720a0 relative=0x0000000000001ae0
Event: 97.177 Thread 0x000001dfe78a80a0 Uncommon trap: reason=class_check action=maybe_recompile pc=0x000001df90d720a0 method=org.springframework.core.MethodParameter.getGenericParameterType()Ljava/lang/reflect/Type; @ 17 c2
Event: 97.177 Thread 0x000001dfe78a80a0 DEOPT PACKING pc=0x000001df90d720a0 sp=0x000000980adfaa60
Event: 97.177 Thread 0x000001dfe78a80a0 DEOPT UNPACKING pc=0x000001df901923a3 sp=0x000000980adfaa40 mode 2

Classes unloaded (2 events):
Event: 14.685 Thread 0x000001df9dbb9660 Unloading class 0x000001df9fb19000 'jdk/internal/reflect/GeneratedSerializationConstructorAccessor2'
Event: 14.685 Thread 0x000001df9dbb9660 Unloading class 0x000001df9fb18800 'jdk/internal/reflect/GeneratedSerializationConstructorAccessor1'

Classes redefined (0 events):
No events

Internal exceptions (20 events):
Event: 17.889 Thread 0x000001dfe441a760 Exception <a 'java/lang/NoSuchMethodError'{0x00000000b6f6ef68}: 'java.lang.Object java.lang.invoke.Invokers$Holder.invoke_MT(java.lang.Object, java.lang.Object, java.lang.Object, java.lang.Object, java.lang.Object, java.lang.Object, java.lang.Object, java.lang.Object, java.lang.Object, java.lang.Object, java.lang.Object)'> (0x00000000b6f6ef68) 
thrown [s\open\src\hotspot\share\interpreter\linkResolver.cpp, line 759]
Event: 18.058 Thread 0x000001dfe441a760 Exception <a 'java/lang/NoSuchMethodError'{0x00000000b6a42a08}: 'java.lang.Object java.lang.invoke.DirectMethodHandle$Holder.newInvokeSpecial(java.lang.Object, java.lang.Object, int, java.lang.Object, java.lang.Object)'> (0x00000000b6a42a08) 
thrown [s\open\src\hotspot\share\interpreter\linkResolver.cpp, line 759]
Event: 18.296 Thread 0x000001dfe441a760 Exception <a 'java/lang/NoSuchMethodError'{0x00000000b5c7e268}: 'void java.lang.invoke.DirectMethodHandle$Holder.invokeSpecialIFC(java.lang.Object, java.lang.Object, int, java.lang.Object, java.lang.Object, java.lang.Object, java.lang.Object)'> (0x00000000b5c7e268) 
thrown [s\open\src\hotspot\share\interpreter\linkResolver.cpp, line 759]
Event: 18.476 Thread 0x000001dfe441a760 Exception <a 'java/lang/IncompatibleClassChangeError'{0x00000000b59be790}: Found class java.lang.Object, but interface was expected> (0x00000000b59be790) 
thrown [s\open\src\hotspot\share\interpreter\linkResolver.cpp, line 826]
Event: 18.556 Thread 0x000001dfe441a760 Exception <a 'java/lang/IncompatibleClassChangeError'{0x00000000b57be1f8}: Found class java.lang.Object, but interface was expected> (0x00000000b57be1f8) 
thrown [s\open\src\hotspot\share\interpreter\linkResolver.cpp, line 826]
Event: 18.812 Thread 0x000001dfe441a760 Implicit null exception at 0x000001df90ba99cf to 0x000001df90ba9b0c
Event: 18.824 Thread 0x000001dfe441a760 Exception <a 'java/lang/NoSuchMethodError'{0x00000000b53c8870}: 'int java.lang.invoke.DirectMethodHandle$Holder.invokeStatic(java.lang.Object, java.lang.Object, int, int)'> (0x00000000b53c8870) 
thrown [s\open\src\hotspot\share\interpreter\linkResolver.cpp, line 759]
Event: 18.851 Thread 0x000001dfe441a760 Exception <a 'java/lang/IncompatibleClassChangeError'{0x00000000b523bef0}: Found class java.lang.Object, but interface was expected> (0x00000000b523bef0) 
thrown [s\open\src\hotspot\share\interpreter\linkResolver.cpp, line 826]
Event: 78.059 Thread 0x000001dfe78a3ed0 Exception <a 'java/lang/NoSuchMethodError'{0x00000000b6ac02e0}: 'java.lang.Object java.lang.invoke.DirectMethodHandle$Holder.invokeSpecial(java.lang.Object, java.lang.Object, long, int, int, int, int, int, int, int, int, int)'> (0x00000000b6ac02e0) 
thrown [s\open\src\hotspot\share\interpreter\linkResolver.cpp, line 759]
Event: 78.059 Thread 0x000001dfe78a3ed0 Exception <a 'java/lang/NoSuchMethodError'{0x00000000b6ac3f30}: 'java.lang.Object java.lang.invoke.DelegatingMethodHandle$Holder.reinvoke_L(java.lang.Object, long, int, int, int, int, int, int, int, int, int)'> (0x00000000b6ac3f30) 
thrown [s\open\src\hotspot\share\interpreter\linkResolver.cpp, line 759]
Event: 94.399 Thread 0x000001dfe78a7b90 Exception <a 'java/lang/NoSuchMethodError'{0x00000000b3833f48}: 'java.lang.Object java.lang.invoke.DirectMethodHandle$Holder.invokeStaticInit(java.lang.Object, java.lang.Object, java.lang.Object, int, int)'> (0x00000000b3833f48) 
thrown [s\open\src\hotspot\share\interpreter\linkResolver.cpp, line 759]
Event: 94.451 Thread 0x000001dfe78a1650 Exception <a 'java/lang/NoSuchMethodError'{0x00000000b3776a78}: 'java.lang.Object java.lang.invoke.DirectMethodHandle$Holder.invokeSpecial(java.lang.Object, java.lang.Object, java.lang.Object, java.lang.Object, java.lang.Object, long)'> (0x00000000b3776a78) 
thrown [s\open\src\hotspot\share\interpreter\linkResolver.cpp, line 759]
Event: 94.451 Thread 0x000001dfe78a1650 Exception <a 'java/lang/NoSuchMethodError'{0x00000000b377a470}: 'java.lang.Object java.lang.invoke.Invokers$Holder.linkToTargetMethod(java.lang.Object, java.lang.Object, java.lang.Object, long, java.lang.Object)'> (0x00000000b377a470) 
thrown [s\open\src\hotspot\share\interpreter\linkResolver.cpp, line 759]
Event: 94.834 Thread 0x000001dfe78a43e0 Exception <a 'java/lang/IncompatibleClassChangeError'{0x00000000ba227cd8}: Found class java.lang.Object, but interface was expected> (0x00000000ba227cd8) 
thrown [s\open\src\hotspot\share\interpreter\linkResolver.cpp, line 826]
Event: 94.860 Thread 0x000001dfe78a43e0 Implicit null exception at 0x000001df90ba8ffb to 0x000001df90ba941c
Event: 94.953 Thread 0x000001dfe78a43e0 Exception <a 'java/lang/NoSuchMethodError'{0x00000000ba0ef9e0}: 'java.lang.Object java.lang.invoke.DirectMethodHandle$Holder.newInvokeSpecial(java.lang.Object, java.lang.Object, java.lang.Object, long)'> (0x00000000ba0ef9e0) 
thrown [s\open\src\hotspot\share\interpreter\linkResolver.cpp, line 759]
Event: 94.953 Thread 0x000001dfe78a43e0 Exception <a 'java/lang/NoSuchMethodError'{0x00000000ba0f4218}: 'java.lang.Object java.lang.invoke.DirectMethodHandle$Holder.invokeSpecial(java.lang.Object, java.lang.Object, java.lang.Object, java.lang.Object, long)'> (0x00000000ba0f4218) 
thrown [s\open\src\hotspot\share\interpreter\linkResolver.cpp, line 759]
Event: 94.953 Thread 0x000001dfe78a43e0 Exception <a 'java/lang/NoSuchMethodError'{0x00000000ba0f83a8}: 'java.lang.Object java.lang.invoke.Invokers$Holder.linkToTargetMethod(java.lang.Object, java.lang.Object, long, java.lang.Object)'> (0x00000000ba0f83a8) 
thrown [s\open\src\hotspot\share\interpreter\linkResolver.cpp, line 759]
Event: 95.508 Thread 0x000001dfe78a1140 Exception <a 'java/lang/IncompatibleClassChangeError'{0x00000000b9701170}: Found class java.lang.Object, but interface was expected> (0x00000000b9701170) 
thrown [s\open\src\hotspot\share\interpreter\linkResolver.cpp, line 826]
Event: 95.554 Thread 0x000001dfe78a6c60 Exception <a 'java/lang/NoSuchMethodError'{0x00000000b9847be8}: 'java.lang.Object java.lang.invoke.DirectMethodHandle$Holder.invokeStatic(java.lang.Object, int, int)'> (0x00000000b9847be8) 
thrown [s\open\src\hotspot\share\interpreter\linkResolver.cpp, line 759]

VM Operations (20 events):
Event: 94.704 Executing VM operation: HandshakeAllThreads
Event: 94.704 Executing VM operation: HandshakeAllThreads done
Event: 94.707 Executing VM operation: G1CollectForAllocation
Event: 94.722 Executing VM operation: G1CollectForAllocation done
Event: 94.810 Executing VM operation: HandshakeAllThreads
Event: 94.810 Executing VM operation: HandshakeAllThreads done
Event: 95.104 Executing VM operation: HandshakeAllThreads
Event: 95.104 Executing VM operation: HandshakeAllThreads done
Event: 95.657 Executing VM operation: HandshakeAllThreads
Event: 95.657 Executing VM operation: HandshakeAllThreads done
Event: 95.722 Executing VM operation: ICBufferFull
Event: 95.722 Executing VM operation: ICBufferFull done
Event: 96.727 Executing VM operation: Cleanup
Event: 96.728 Executing VM operation: Cleanup done
Event: 97.738 Executing VM operation: Cleanup
Event: 97.738 Executing VM operation: Cleanup done
Event: 98.747 Executing VM operation: Cleanup
Event: 98.747 Executing VM operation: Cleanup done
Event: 108.830 Executing VM operation: Cleanup
Event: 108.830 Executing VM operation: Cleanup done

Events (20 events):
Event: 95.835 Thread 0x000001dfe4b10c10 Thread added: 0x000001dfe4b10c10
Event: 95.835 Thread 0x000001dfe4b12a70 Thread added: 0x000001dfe4b12a70
Event: 95.835 Thread 0x000001dfe4b12f80 Thread added: 0x000001dfe4b12f80
Event: 95.839 Thread 0x000001dfe4b11120 Thread added: 0x000001dfe4b11120
Event: 95.844 Thread 0x000001dfe4b11630 Thread added: 0x000001dfe4b11630
Event: 95.844 Thread 0x000001dfe4b11b40 Thread added: 0x000001dfe4b11b40
Event: 95.844 Thread 0x000001dfef56a040 Thread added: 0x000001dfef56a040
Event: 95.844 Thread 0x000001dfef5686f0 Thread added: 0x000001dfef5686f0
Event: 95.848 Thread 0x000001dfef569620 Thread added: 0x000001dfef569620
Event: 95.849 Thread 0x000001dfef569b30 Thread added: 0x000001dfef569b30
Event: 95.849 Thread 0x000001dfef56a550 Thread added: 0x000001dfef56a550
Event: 95.851 Thread 0x000001dfef569110 Thread added: 0x000001dfef569110
Event: 95.851 Thread 0x000001dfef56b480 Thread added: 0x000001dfef56b480
Event: 95.852 Thread 0x000001dfef5681e0 Thread added: 0x000001dfef5681e0
Event: 95.854 Thread 0x000001dfef56b990 Thread added: 0x000001dfef56b990
Event: 95.854 Thread 0x000001dfef56aa60 Thread added: 0x000001dfef56aa60
Event: 95.854 Thread 0x000001dfef56bea0 Thread added: 0x000001dfef56bea0
Event: 95.856 Thread 0x000001dfef56af70 Thread added: 0x000001dfef56af70
Event: 95.856 Thread 0x000001dfef568c00 Thread added: 0x000001dfef568c00
Event: 95.856 Thread 0x000001dfef56f650 Thread added: 0x000001dfef56f650


Dynamic libraries:
0x00007ff6f3370000 - 0x00007ff6f3380000 	C:\Program Files\Java\jdk-17\bin\java.exe
0x00007ff946540000 - 0x00007ff9467a8000 	C:\WINDOWS\SYSTEM32\ntdll.dll
0x00007ff944fa0000 - 0x00007ff945069000 	C:\WINDOWS\System32\KERNEL32.DLL
0x00007ff9436c0000 - 0x00007ff943ab8000 	C:\WINDOWS\System32\KERNELBASE.dll
0x00007ff943c30000 - 0x00007ff943d7b000 	C:\WINDOWS\System32\ucrtbase.dll
0x00007ff93e700000 - 0x00007ff93e719000 	C:\Program Files\Java\jdk-17\bin\jli.dll
0x00007ff93e720000 - 0x00007ff93e73b000 	C:\Program Files\Java\jdk-17\bin\VCRUNTIME140.dll
0x00007ff944360000 - 0x00007ff944414000 	C:\WINDOWS\System32\ADVAPI32.dll
0x00007ff945780000 - 0x00007ff945829000 	C:\WINDOWS\System32\msvcrt.dll
0x00007ff9446d0000 - 0x00007ff944776000 	C:\WINDOWS\System32\sechost.dll
0x00007ff9445a0000 - 0x00007ff9446b8000 	C:\WINDOWS\System32\RPCRT4.dll
0x00007ff9449e0000 - 0x00007ff944ba7000 	C:\WINDOWS\System32\USER32.dll
0x00007ff9371b0000 - 0x00007ff937444000 	C:\WINDOWS\WinSxS\amd64_microsoft.windows.common-controls_6595b64144ccf1df_6.0.26100.7019_none_3e06ffa0e335b8a8\COMCTL32.dll
0x00007ff943690000 - 0x00007ff9436b7000 	C:\WINDOWS\System32\win32u.dll
0x00007ff945550000 - 0x00007ff94557b000 	C:\WINDOWS\System32\GDI32.dll
0x00007ff944120000 - 0x00007ff94424c000 	C:\WINDOWS\System32\gdi32full.dll
0x00007ff943d80000 - 0x00007ff943e23000 	C:\WINDOWS\System32\msvcp_win.dll
0x00007ff93cdb0000 - 0x00007ff93cdbb000 	C:\WINDOWS\SYSTEM32\VERSION.dll
0x00007ff945500000 - 0x00007ff945531000 	C:\WINDOWS\System32\IMM32.DLL
0x00007ff93e6d0000 - 0x00007ff93e6dc000 	C:\Program Files\Java\jdk-17\bin\vcruntime140_1.dll
0x00007ff925fd0000 - 0x00007ff92605e000 	C:\Program Files\Java\jdk-17\bin\msvcp140.dll
0x00007ff85dc70000 - 0x00007ff85e851000 	C:\Program Files\Java\jdk-17\bin\server\jvm.dll
0x00007ff9446c0000 - 0x00007ff9446c8000 	C:\WINDOWS\System32\PSAPI.DLL
0x00007ff924d30000 - 0x00007ff924d3a000 	C:\WINDOWS\SYSTEM32\WSOCK32.dll
0x00007ff93c110000 - 0x00007ff93c145000 	C:\WINDOWS\SYSTEM32\WINMM.dll
0x00007ff944c90000 - 0x00007ff944d04000 	C:\WINDOWS\System32\WS2_32.dll
0x00007ff942450000 - 0x00007ff94246b000 	C:\WINDOWS\SYSTEM32\kernel.appcore.dll
0x00007ff93e6c0000 - 0x00007ff93e6ca000 	C:\Program Files\Java\jdk-17\bin\jimage.dll
0x00007ff9404c0000 - 0x00007ff940702000 	C:\WINDOWS\SYSTEM32\DBGHELP.DLL
0x00007ff945830000 - 0x00007ff945bbb000 	C:\WINDOWS\System32\combase.dll
0x00007ff944bb0000 - 0x00007ff944c87000 	C:\WINDOWS\System32\OLEAUT32.dll
0x00007ff924220000 - 0x00007ff92425c000 	C:\WINDOWS\SYSTEM32\dbgcore.DLL
0x00007ff943ef0000 - 0x00007ff943f95000 	C:\WINDOWS\System32\bcryptPrimitives.dll
0x00007ff933b20000 - 0x00007ff933b2e000 	C:\Program Files\Java\jdk-17\bin\instrument.dll
0x00007ff93d4f0000 - 0x00007ff93d515000 	C:\Program Files\Java\jdk-17\bin\java.dll
0x00007ff924420000 - 0x00007ff9244f7000 	C:\Program Files\Java\jdk-17\bin\jsvml.dll
0x00007ff945bc0000 - 0x00007ff94630f000 	C:\WINDOWS\System32\SHELL32.dll
0x00007ff943ac0000 - 0x00007ff943c2b000 	C:\WINDOWS\System32\wintypes.dll
0x00007ff941290000 - 0x00007ff941aed000 	C:\WINDOWS\SYSTEM32\windows.storage.dll
0x00007ff944780000 - 0x00007ff944872000 	C:\WINDOWS\System32\SHCORE.dll
0x00007ff944d90000 - 0x00007ff944df7000 	C:\WINDOWS\System32\shlwapi.dll
0x00007ff9435b0000 - 0x00007ff9435d9000 	C:\WINDOWS\SYSTEM32\profapi.dll
0x00007ff93daf0000 - 0x00007ff93db08000 	C:\Program Files\Java\jdk-17\bin\zip.dll
0x00007ff93e670000 - 0x00007ff93e689000 	C:\Program Files\Java\jdk-17\bin\net.dll
0x00007ff93d920000 - 0x00007ff93da48000 	C:\WINDOWS\SYSTEM32\WINHTTP.dll
0x00007ff9429c0000 - 0x00007ff942a2b000 	C:\WINDOWS\system32\mswsock.dll
0x00007ff93e610000 - 0x00007ff93e626000 	C:\Program Files\Java\jdk-17\bin\nio.dll
0x00007ff92c810000 - 0x00007ff92c81a000 	C:\Program Files\Java\jdk-17\bin\management.dll
0x00007ff92c800000 - 0x00007ff92c80b000 	C:\Program Files\Java\jdk-17\bin\management_ext.dll
0x00007ff933b10000 - 0x00007ff933b1e000 	C:\Program Files\Java\jdk-17\bin\sunmscapi.dll
0x00007ff943fa0000 - 0x00007ff944117000 	C:\WINDOWS\System32\CRYPT32.dll
0x00007ff942ea0000 - 0x00007ff942ed0000 	C:\WINDOWS\SYSTEM32\ncrypt.dll
0x00007ff942e50000 - 0x00007ff942e8f000 	C:\WINDOWS\SYSTEM32\NTASN1.dll
0x00007ff942c80000 - 0x00007ff942c9b000 	C:\WINDOWS\SYSTEM32\CRYPTSP.dll
0x00007ff9423b0000 - 0x00007ff9423ea000 	C:\WINDOWS\system32\rsaenh.dll
0x00007ff942a70000 - 0x00007ff942a9b000 	C:\WINDOWS\SYSTEM32\USERENV.dll
0x00007ff943580000 - 0x00007ff9435aa000 	C:\WINDOWS\SYSTEM32\bcrypt.dll
0x00007ff942ca0000 - 0x00007ff942cac000 	C:\WINDOWS\SYSTEM32\CRYPTBASE.dll
0x00007ff941f90000 - 0x00007ff941fc4000 	C:\WINDOWS\SYSTEM32\IPHLPAPI.DLL
0x00007ff944420000 - 0x00007ff94442a000 	C:\WINDOWS\System32\NSI.dll
0x00007ff93dee0000 - 0x00007ff93defe000 	C:\WINDOWS\SYSTEM32\dhcpcsvc6.DLL
0x00007ff93db10000 - 0x00007ff93db33000 	C:\WINDOWS\SYSTEM32\dhcpcsvc.DLL
0x00007ff941fd0000 - 0x00007ff9420fc000 	C:\WINDOWS\SYSTEM32\DNSAPI.dll
0x00007ff929bd0000 - 0x00007ff929be0000 	C:\Program Files\Java\jdk-17\bin\verify.dll
0x00007ff93ce00000 - 0x00007ff93ce0b000 	C:\Windows\System32\rasadhlp.dll
0x00007ff93e0b0000 - 0x00007ff93e136000 	C:\WINDOWS\System32\fwpuclnt.dll
0x00007ff8a85b0000 - 0x00007ff8a85b8000 	C:\WINDOWS\system32\wshunix.dll

dbghelp: loaded successfully - version: 4.0.5 - missing functions: none
symbol engine: initialized successfully - sym options: 0x614 - pdb path: .;C:\Program Files\Java\jdk-17\bin;C:\WINDOWS\SYSTEM32;C:\WINDOWS\WinSxS\amd64_microsoft.windows.common-controls_6595b64144ccf1df_6.0.26100.7019_none_3e06ffa0e335b8a8;C:\Program Files\Java\jdk-17\bin\server

VM Arguments:
jvm_args: -javaagent:C:\Program Files\JetBrains\IntelliJ IDEA Community Edition 2025.2.2\lib\idea_rt.jar=64390 -Dfile.encoding=UTF-8 
java_command: com.sein_gar_har.SeinGarHarApplication
java_class_path (initial): C:\Users\LENOVO\OneDrive\Desktop\sein-gar-har-backend\target\classes;C:\Users\LENOVO\.m2\repository\jakarta\validation\jakarta.validation-api\3.0.2\jakarta.validation-api-3.0.2.jar;C:\Users\LENOVO\.m2\repository\org\hibernate\validator\hibernate-validator\8.0.3.Final\hibernate-validator-8.0.3.Final.jar;C:\Users\LENOVO\.m2\repository\org\jboss\logging\jboss-logging\3.6.1.Final\jboss-logging-3.6.1.Final.jar;C:\Users\LENOVO\.m2\repository\com\fasterxml\classmate\1.7.1\classmate-1.7.1.jar;C:\Users\LENOVO\.m2\repository\org\springframework\boot\spring-boot-starter\3.5.7\spring-boot-starter-3.5.7.jar;C:\Users\LENOVO\.m2\repository\org\springframework\boot\spring-boot\3.5.7\spring-boot-3.5.7.jar;C:\Users\LENOVO\.m2\repository\org\springframework\spring-context\6.2.12\spring-context-6.2.12.jar;C:\Users\LENOVO\.m2\repository\org\springframework\boot\spring-boot-autoconfigure\3.5.7\spring-boot-autoconfigure-3.5.7.jar;C:\Users\LENOVO\.m2\repository\org\springframework\boot\spring-boot-starter-logging\3.5.7\spring-boot-starter-logging-3.5.7.jar;C:\Users\LENOVO\.m2\repository\ch\qos\logback\logback-classic\1.5.20\logback-classic-1.5.20.jar;C:\Users\LENOVO\.m2\repository\ch\qos\logback\logback-core\1.5.20\logback-core-1.5.20.jar;C:\Users\LENOVO\.m2\repository\org\apache\logging\log4j\log4j-to-slf4j\2.24.3\log4j-to-slf4j-2.24.3.jar;C:\Users\LENOVO\.m2\repository\org\apache\logging\log4j\log4j-api\2.24.3\log4j-api-2.24.3.jar;C:\Users\LENOVO\.m2\repository\org\slf4j\jul-to-slf4j\2.0.17\jul-to-slf4j-2.0.17.jar;C:\Users\LENOVO\.m2\repository\jakarta\annotation\jakarta.annotation-api\2.1.1\jakarta.annotation-api-2.1.1.jar;C:\Users\LENOVO\.m2\repository\org\springframework\spring-core\6.2.12\spring-core-6.2.12.jar;C:\Users\LENOVO\.m2\repository\org\springframework\spring-jcl\6.2.12\spring-jcl-6.2.12.jar;C:\Users\LENOVO\.m2\repository\org\yaml\snakeyaml\2.4\snakeyaml-2.4.jar;C:\Users\LENOVO\.m2\repository\org\springframework\boot\spring-boot-starter-data-jpa\
Launcher Type: SUN_STANDARD

[Global flags]
     intx CICompilerCount                          = 4                                         {product} {ergonomic}
     uint ConcGCThreads                            = 3                                         {product} {ergonomic}
     uint G1ConcRefinementThreads                  = 10                                        {product} {ergonomic}
   size_t G1HeapRegionSize                         = 1048576                                   {product} {ergonomic}
    uintx GCDrainStackTargetSize                   = 64                                        {product} {ergonomic}
   size_t InitialHeapSize                          = 98566144                                  {product} {ergonomic}
   size_t MarkStackSize                            = 4194304                                   {product} {ergonomic}
   size_t MaxHeapSize                              = 1572864000                                {product} {ergonomic}
   size_t MaxNewSize                               = 943718400                                 {product} {ergonomic}
   size_t MinHeapDeltaBytes                        = 1048576                                   {product} {ergonomic}
   size_t MinHeapSize                              = 8388608                                   {product} {ergonomic}
    uintx NonNMethodCodeHeapSize                   = 5839372                                {pd product} {ergonomic}
    uintx NonProfiledCodeHeapSize                  = 122909434                              {pd product} {ergonomic}
    uintx ProfiledCodeHeapSize                     = 122909434                              {pd product} {ergonomic}
    uintx ReservedCodeCacheSize                    = 251658240                              {pd product} {ergonomic}
     bool SegmentedCodeCache                       = true                                      {product} {ergonomic}
   size_t SoftMaxHeapSize                          = 1572864000                             {manageable} {ergonomic}
     bool UseCompressedClassPointers               = true                           {product lp64_product} {ergonomic}
     bool UseCompressedOops                        = true                           {product lp64_product} {ergonomic}
     bool UseG1GC                                  = true                                      {product} {ergonomic}
     bool UseLargePagesIndividualAllocation        = false                                  {pd product} {ergonomic}

Logging:
Log output configuration:
 #0: stdout all=warning uptime,level,tags
 #1: stderr all=off uptime,level,tags

Environment Variables:
PATH=C:\Python313\Scripts\;C:\Python313\;C:\Program Files (x86)\VMware\VMware Workstation\bin\;C:\Program Files\Common Files\Oracle\Java\javapath;C:\Program Files\Eclipse Adoptium\jdk-11.0.20.8-hotspot\bin;C:\WINDOWS\system32;C:\WINDOWS;C:\WINDOWS\System32\Wbem;C:\WINDOWS\System32\WindowsPowerShell\v1.0\;C:\WINDOWS\System32\OpenSSH\;C:\MinGW\bin;C:\Program Files\Microsoft SQL Server\150\Tools\Binn\;C:\Program Files\Microsoft SQL Server\Client SDK\ODBC\170\Tools\Binn\;C:\Program Files\dotnet\;C:\ProgramData\chocolatey\bin;C:\Program Files\Git\cmd;C:\nodejs\;C:\Users\LENOVO\Downloads\apache-maven-3.9.11-bin\apache-maven-3.9.11\bin;C:\Users\LENOVO\AppData\Local\Microsoft\WindowsApps;C:\Users\LENOVO\AppData\Local\Programs\Microsoft VS Code\bin;C:\MinGW\bin;C:\Users\LENOVO\AppData\Local\GitHubDesktop\bin;C:\Users\LENOVO\.dotnet\tools;C:\Users\LENOVO\AppData\Roaming\npm;C:\Users\LENOVO\AppData\Roaming\Python\Python313\Scripts;
USERNAME=LENOVO
OS=Windows_NT
PROCESSOR_IDENTIFIER=AMD64 Family 25 Model 80 Stepping 0, AuthenticAMD



---------------  S Y S T E M  ---------------

OS:
 Windows 11 , 64 bit Build 26100 (10.0.26100.7019)
OS uptime: 2 days 9:36 hours
Hyper-V role detected

CPU: total 12 (initial active 12) (12 cores per cpu, 2 threads per core) family 25 model 80 stepping 0 microcode 0xa50000f, cx8, cmov, fxsr, ht, mmx, 3dnowpref, sse, sse2, sse3, ssse3, sse4a, sse4.1, sse4.2, popcnt, lzcnt, tsc, tscinvbit, avx, avx2, aes, erms, clmul, bmi1, bmi2, adx, sha, fma, vzeroupper, clflush, clflushopt, hv

Memory: 4k page, system-wide physical 5996M (545M free)
TotalPageFile size 24428M (AvailPageFile size 14M)
current process WorkingSet (physical memory assigned to process): 303M, peak: 539M
current process commit charge ("private bytes"): 687M, peak: 735M

vm_info: Java HotSpot(TM) 64-Bit Server VM (17.0.13+10-LTS-268) for windows-amd64 JRE (17.0.13+10-LTS-268), built on Sep 30 2024 06:33:13 by "mach5one" with MS VC++ 17.6 (VS2022)

END.
